X16S_ID,Observed,beta_div_metacomm_mean,abund_null_dev_stoch,abund_null_dev_det,Domain,Grass
X1351_1887,1615,0.705552759,-0.113395209,-0.007004794,Bacteria,ANGE
X1351_1888,1562,0.68603481,-0.132913158,-0.026522743,Bacteria,ANGE
X1351_1889,1523,0.693392712,-0.125555256,-0.019164841,Bacteria,ANGE
X1351_1878,1512,0.709061365,-0.109886603,-0.003496188,Bacteria,ANGE
X1351_1879,1369,0.722731555,-0.096216413,0.010174002,Bacteria,ANGE
X1351_1880,1161,0.780672132,-0.038275836,0.068114579,Bacteria,ANGE
X1351_1881,1518,0.710124335,-0.108823633,-0.002433218,Bacteria,ANGE
X1351_1882,1548,0.72482137,-0.094126598,0.012263817,Bacteria,ANGE
X1351_1883,1668,0.691527741,-0.127420227,-0.021029812,Bacteria,ANGE
X1351_1884,1669,0.70703573,-0.111912238,-0.005521823,Bacteria,ANGE
X1351_1885,1577,0.699916078,-0.11903189,-0.012641474,Bacteria,ANGE
X1351_1886,1450,0.682258629,-0.136689339,-0.030298924,Bacteria,ANGE
X1351_1535,855,0.709999082,-0.108948886,-0.002558471,Bacteria,ANGE
X1351_1538,1047,0.677280105,-0.141667863,-0.035277448,Bacteria,ANGE
X1351_1539,1071,0.716340453,-0.102607515,0.0037829,Bacteria,ANGE
X1351_1526,900,0.728497174,-0.090450794,0.015939621,Bacteria,ANGE
X1351_1527,1089,0.70014511,-0.118802858,-0.012412443,Bacteria,ANGE
X1351_1528,410,0.885787284,0.066839316,0.173229731,Bacteria,ANGE
X1351_1529,1013,0.679793702,-0.139154266,-0.032763851,Bacteria,ANGE
X1351_1530,1079,0.692992825,-0.125955143,-0.019564728,Bacteria,ANGE
X1351_1531,1171,0.692683958,-0.12626401,-0.019873595,Bacteria,ANGE
X1351_1532,1108,0.686714759,-0.132233209,-0.025842794,Bacteria,ANGE
X1351_1533,960,0.715576689,-0.103371279,0.003019136,Bacteria,ANGE
X1351_1534,919,0.713127709,-0.105820259,0.000570156,Bacteria,ANGE
X1351_1698,567,0.788654079,-0.030293889,0.076096526,Bacteria,ANGE
X1351_1699,184,0.90288853,0.083940562,0.190330977,Bacteria,ANGE
X1351_1700,429,0.838604278,0.01965631,0.126046725,Bacteria,ANGE
X1351_1689,404,0.817796961,-0.001151007,0.105239408,Bacteria,ANGE
X1351_1690,718,0.73931195,-0.079636018,0.026754397,Bacteria,ANGE
X1351_1691,603,0.75197337,-0.066974598,0.039415817,Bacteria,ANGE
X1351_1692,506,0.785736616,-0.033211352,0.073179063,Bacteria,ANGE
X1351_1693,591,0.759975996,-0.058971973,0.047418443,Bacteria,ANGE
X1351_1694,588,0.771008234,-0.047939734,0.058450681,Bacteria,ANGE
X1351_1695,478,0.814950856,-0.003997112,0.102393303,Bacteria,ANGE
X1351_1696,561,0.788187782,-0.030760186,0.075630229,Bacteria,ANGE
X1351_1697,406,0.822914176,0.003966208,0.110356624,Bacteria,ANGE
X1351_1549,1156,0.703163608,-0.11578436,-0.009393945,Bacteria,ANGE
X1351_1550,1335,0.678428119,-0.140519849,-0.034129434,Bacteria,ANGE
X1351_1551,1260,0.66304843,-0.155899538,-0.049509123,Bacteria,ANGE
X1351_1540,1305,0.64999425,-0.168953718,-0.062563303,Bacteria,ANGE
X1351_1542,1249,0.666840771,-0.152107197,-0.045716782,Bacteria,ANGE
X1351_1543,1333,0.641898378,-0.17704959,-0.070659175,Bacteria,ANGE
X1351_1544,1108,0.677894307,-0.141053661,-0.034663246,Bacteria,ANGE
X1351_1545,1330,0.666337505,-0.152610464,-0.046220048,Bacteria,ANGE
X1351_1546,1200,0.665253715,-0.153694253,-0.047303838,Bacteria,ANGE
X1351_1547,1206,0.645670629,-0.173277339,-0.066886924,Bacteria,ANGE
X1351_1548,1315,0.696040319,-0.122907649,-0.016517234,Bacteria,ANGE
X1351_1597,882,0.69176196,-0.127186008,-0.020795593,Bacteria,ANGE
X1351_1598,794,0.736286649,-0.082661319,0.023729096,Bacteria,ANGE
X1351_1588,707,0.707200958,-0.11174701,-0.005356595,Bacteria,ANGE
X1351_1589,872,0.726220143,-0.092727825,0.01366259,Bacteria,ANGE
X1351_1590,949,0.696660975,-0.122286993,-0.015896578,Bacteria,ANGE
X1351_1591,469,0.789183321,-0.029764647,0.076625768,Bacteria,ANGE
X1351_1592,827,0.678414762,-0.140533206,-0.034142791,Bacteria,ANGE
X1351_1593,508,0.740798787,-0.078149181,0.028241234,Bacteria,ANGE
X1351_1594,714,0.747860615,-0.071087353,0.035303062,Bacteria,ANGE
X1351_1595,558,0.750934497,-0.068013471,0.038376944,Bacteria,ANGE
X1351_1596,621,0.766912737,-0.052035232,0.054355184,Bacteria,ANGE
X1351_1852,1300,0.69800411,-0.120943858,-0.014553443,Bacteria,ANGE
X1351_1853,1136,0.735415125,-0.083532843,0.022857572,Bacteria,ANGE
X1351_1854,1009,0.757873195,-0.061074773,0.045315642,Bacteria,ANGE
X1351_1843,1451,0.694932715,-0.124015253,-0.017624838,Bacteria,ANGE
X1351_1844,1282,0.702121195,-0.116826773,-0.010436358,Bacteria,ANGE
X1351_1845,1521,0.684017483,-0.134930485,-0.02854007,Bacteria,ANGE
X1351_1846,1143,0.656587269,-0.162360699,-0.055970283,Bacteria,ANGE
X1351_1847,1379,0.696376772,-0.122571196,-0.016180781,Bacteria,ANGE
X1351_1848,1399,0.700324317,-0.118623651,-0.012233236,Bacteria,ANGE
X1351_1849,1294,0.66348474,-0.155463228,-0.049072813,Bacteria,ANGE
X1351_1850,1498,0.710316564,-0.108631404,-0.002240989,Bacteria,ANGE
X1351_1851,1180,0.724228173,-0.094719795,0.011670621,Bacteria,ANGE
X1351_1790,1394,0.666098971,-0.152848997,-0.046458582,Bacteria,ANGE
X1351_1791,1568,0.68706437,-0.131883599,-0.025493183,Bacteria,ANGE
X1351_1792,1236,0.691925827,-0.127022141,-0.020631726,Bacteria,ANGE
X1351_1781,1408,0.646216051,-0.172731917,-0.066341502,Bacteria,ANGE
X1351_1782,1354,0.66108443,-0.157863538,-0.051473123,Bacteria,ANGE
X1351_1783,1094,0.702903283,-0.116044685,-0.00965427,Bacteria,ANGE
X1351_1784,1296,0.683962849,-0.134985119,-0.028594704,Bacteria,ANGE
X1351_1785,1301,0.663606935,-0.155341033,-0.048950618,Bacteria,ANGE
X1351_1786,1250,0.662951066,-0.155996903,-0.049606487,Bacteria,ANGE
X1351_1787,1042,0.699640597,-0.119307371,-0.012916956,Bacteria,ANGE
X1351_1788,1022,0.69655074,-0.122397229,-0.016006813,Bacteria,ANGE
X1351_1789,1166,0.692553717,-0.126394252,-0.020003836,Bacteria,ANGE
X1351_1778,1133,0.758634049,-0.060313919,0.046076496,Bacteria,ANGE
X1351_1779,1437,0.70457667,-0.114371298,-0.007980883,Bacteria,ANGE
X1351_1780,776,0.814900929,-0.004047039,0.102343376,Bacteria,ANGE
X1351_1769,1075,0.715070093,-0.103877875,0.00251254,Bacteria,ANGE
X1351_1770,804,0.836459441,0.017511473,0.123901888,Bacteria,ANGE
X1351_1771,1098,0.795078255,-0.023869713,0.082520702,Bacteria,ANGE
X1351_1772,1374,0.671756732,-0.147191236,-0.040800821,Bacteria,ANGE
X1351_1773,1003,0.712213474,-0.106734494,-0.000344079,Bacteria,ANGE
X1351_1774,1256,0.735618167,-0.083329801,0.023060614,Bacteria,ANGE
X1351_1775,925,0.772168128,-0.04677984,0.059610575,Bacteria,ANGE
X1351_1776,1148,0.724293683,-0.094654285,0.01173613,Bacteria,ANGE
X1351_1777,905,0.819485625,0.000537657,0.106928072,Bacteria,ANGE
X1351_1814,1723,0.7313392,-0.087608768,0.018781647,Bacteria,ANGE
X1351_1815,1664,0.707722044,-0.111225925,-0.004835509,Bacteria,ANGE
X1351_1816,1660,0.790839475,-0.028108493,0.078281922,Bacteria,ANGE
X1351_1805,1640,0.723272541,-0.095675427,0.010714988,Bacteria,ANGE
X1351_1806,1022,0.833432559,0.014484591,0.120875006,Bacteria,ANGE
X1351_1807,1605,0.740341731,-0.078606237,0.027784178,Bacteria,ANGE
X1351_1808,1741,0.716388659,-0.102559309,0.003831106,Bacteria,ANGE
X1351_1809,1825,0.714888134,-0.104059834,0.002330581,Bacteria,ANGE
X1351_1810,1743,0.724514641,-0.094433327,0.011957088,Bacteria,ANGE
X1351_1811,1634,0.750176621,-0.068771348,0.037619068,Bacteria,ANGE
X1351_1812,1669,0.744010806,-0.074937162,0.031453253,Bacteria,ANGE
X1351_1813,1741,0.753484737,-0.065463231,0.040927184,Bacteria,ANGE
X1351_1662,1045,0.634969141,-0.19074353,-0.011210889,Bacteria,BOER
X1351_1663,878,0.62480165,-0.200911021,-0.02137838,Bacteria,BOER
X1351_1664,1063,0.591111807,-0.234600865,-0.055068224,Bacteria,BOER
X1351_1653,896,0.614117164,-0.211595507,-0.032062866,Bacteria,BOER
X1351_1654,777,0.64811195,-0.177600721,0.00193192,Bacteria,BOER
X1351_1655,871,0.606342558,-0.219370114,-0.039837473,Bacteria,BOER
X1351_1656,948,0.644514824,-0.181197847,-0.001665206,Bacteria,BOER
X1351_1657,958,0.608732183,-0.216980489,-0.037447848,Bacteria,BOER
X1351_1658,1030,0.603061645,-0.222651027,-0.043118386,Bacteria,BOER
X1351_1659,648,0.666839597,-0.158873075,0.020659567,Bacteria,BOER
X1351_1660,875,0.637440145,-0.188272526,-0.008739885,Bacteria,BOER
X1351_1661,971,0.612414493,-0.213298179,-0.033765537,Bacteria,BOER
X1351_1911,775,0.612840853,-0.212871818,-0.033339177,Bacteria,BOER
X1351_1912,775,0.656144862,-0.169567809,0.009964832,Bacteria,BOER
X1351_1913,840,0.60751631,-0.218196361,-0.03866372,Bacteria,BOER
X1351_1902,639,0.65733543,-0.168377241,0.0111554,Bacteria,BOER
X1351_1903,773,0.642124346,-0.183588325,-0.004055684,Bacteria,BOER
X1351_1904,917,0.603716986,-0.221995686,-0.042463044,Bacteria,BOER
X1351_1905,974,0.565516902,-0.260195769,-0.080663128,Bacteria,BOER
X1351_1906,733,0.626162083,-0.199550588,-0.020017947,Bacteria,BOER
X1351_1907,840,0.611504634,-0.214208038,-0.034675396,Bacteria,BOER
X1351_1908,784,0.619704375,-0.206008296,-0.026475655,Bacteria,BOER
X1351_1909,809,0.632910352,-0.192802319,-0.013269678,Bacteria,BOER
X1351_1910,799,0.617840787,-0.207871884,-0.028339243,Bacteria,BOER
X1351_1722,819,0.750569155,-0.075143516,0.104389125,Bacteria,BOER
X1351_1723,701,0.843503995,0.017791323,0.197323964,Bacteria,BOER
X1351_1724,961,0.782075709,-0.043636962,0.135895679,Bacteria,BOER
X1351_1713,582,0.783297661,-0.04241501,0.137117631,Bacteria,BOER
X1351_1714,743,0.746920967,-0.078791704,0.100740937,Bacteria,BOER
X1351_1715,722,0.75065898,-0.075053692,0.104478949,Bacteria,BOER
X1351_1716,695,0.789816499,-0.035896172,0.143636469,Bacteria,BOER
X1351_1717,848,0.714298194,-0.111414477,0.068118164,Bacteria,BOER
X1351_1718,707,0.77978291,-0.045929761,0.13360288,Bacteria,BOER
X1351_1719,919,0.715336389,-0.110376282,0.069156359,Bacteria,BOER
X1351_1720,841,0.743750672,-0.081962,0.097570641,Bacteria,BOER
X1351_1721,731,0.762765076,-0.062947596,0.116585045,Bacteria,BOER
X1351_1487,1031,0.551238806,-0.274473866,-0.094941225,Bacteria,BOER
X1351_1488,985,0.546234284,-0.279478388,-0.099945747,Bacteria,BOER
X1351_1489,1068,0.574558386,-0.251154286,-0.071621645,Bacteria,BOER
X1351_1478,897,0.585468982,-0.24024369,-0.060711049,Bacteria,BOER
X1351_1479,728,0.580159035,-0.245553636,-0.066020995,Bacteria,BOER
X1351_1480,937,0.561258655,-0.264454017,-0.084921375,Bacteria,BOER
X1351_1481,826,0.585375017,-0.240337654,-0.060805013,Bacteria,BOER
X1351_1482,1030,0.555047456,-0.270665215,-0.091132574,Bacteria,BOER
X1351_1483,843,0.597655223,-0.228057448,-0.048524807,Bacteria,BOER
X1351_1484,812,0.590000596,-0.235712075,-0.056179434,Bacteria,BOER
X1351_1485,910,0.568614528,-0.257098144,-0.077565502,Bacteria,BOER
X1351_1486,1020,0.570356929,-0.255355743,-0.075823102,Bacteria,BOER
X1351_1499,790,0.644559162,-0.181153509,-0.001620868,Bacteria,BOER
X1351_1500,996,0.595027377,-0.230685294,-0.051152653,Bacteria,BOER
X1351_1501,1023,0.60443875,-0.221273921,-0.04174128,Bacteria,BOER
X1351_1490,835,0.64376957,-0.181943101,-0.00241046,Bacteria,BOER
X1351_1491,855,0.629270816,-0.196441855,-0.016909214,Bacteria,BOER
X1351_1492,817,0.57008041,-0.255632262,-0.076099621,Bacteria,BOER
X1351_1493,1054,0.592843026,-0.232869646,-0.053337004,Bacteria,BOER
X1351_1494,970,0.557870779,-0.267841892,-0.088309251,Bacteria,BOER
X1351_1495,760,0.670041041,-0.155671631,0.02386101,Bacteria,BOER
X1351_1496,803,0.581640059,-0.244072613,-0.064539972,Bacteria,BOER
X1351_1497,938,0.593873984,-0.231838688,-0.052306047,Bacteria,BOER
X1351_1498,1061,0.591907328,-0.233805344,-0.054272703,Bacteria,BOER
X1351_1748,1015,0.621743324,-0.203969347,-0.024436706,Bacteria,BOER
X1351_1749,747,0.645683163,-0.180029509,-0.000496868,Bacteria,BOER
X1351_1750,890,0.598572411,-0.227140261,-0.04760762,Bacteria,BOER
X1351_1739,1145,0.574752346,-0.250960326,-0.071427685,Bacteria,BOER
X1351_1740,971,0.611529717,-0.214182955,-0.034650314,Bacteria,BOER
X1351_1741,1276,0.585110113,-0.240602559,-0.061069918,Bacteria,BOER
X1351_1742,938,0.588795897,-0.236916775,-0.057384134,Bacteria,BOER
X1351_1743,1106,0.584194454,-0.241518218,-0.061985577,Bacteria,BOER
X1351_1744,1042,0.58360458,-0.242108091,-0.06257545,Bacteria,BOER
X1351_1745,1037,0.601184314,-0.224528358,-0.044995717,Bacteria,BOER
X1351_1746,861,0.615268166,-0.210444506,-0.030911864,Bacteria,BOER
X1351_1747,1042,0.600124655,-0.225588016,-0.046055375,Bacteria,BOER
X1351_1609,780,0.570168302,-0.25554437,-0.076011729,Bacteria,BOER
X1351_1610,680,0.578701683,-0.247010989,-0.067478348,Bacteria,BOER
X1351_1611,724,0.590956466,-0.234756206,-0.055223565,Bacteria,BOER
X1351_1600,641,0.61888021,-0.206832461,-0.02729982,Bacteria,BOER
X1351_1601,676,0.586145187,-0.239567484,-0.060034843,Bacteria,BOER
X1351_1602,817,0.563796537,-0.261916134,-0.082383493,Bacteria,BOER
X1351_1603,674,0.661808092,-0.163904579,0.015628062,Bacteria,BOER
X1351_1604,581,0.638282056,-0.187430615,-0.007897974,Bacteria,BOER
X1351_1605,725,0.613808844,-0.211903827,-0.032371186,Bacteria,BOER
X1351_1606,781,0.558433487,-0.267279184,-0.087746543,Bacteria,BOER
X1351_1607,665,0.611559111,-0.21415356,-0.034620919,Bacteria,BOER
X1351_1608,749,0.563071033,-0.262641639,-0.083108997,Bacteria,BOER
X1351_1949,893,0.628592205,-0.192232931,-0.045258618,Bacteria,BOGR
X1351_1950,1107,0.580137678,-0.240687458,-0.093713145,Bacteria,BOGR
X1351_1951,860,0.613752498,-0.207072638,-0.060098325,Bacteria,BOGR
X1351_1940,945,0.633586113,-0.187239023,-0.04026471,Bacteria,BOGR
X1351_1941,932,0.594049272,-0.226775864,-0.079801551,Bacteria,BOGR
X1351_1942,937,0.658777834,-0.162047302,-0.01507299,Bacteria,BOGR
X1351_1943,1069,0.599634982,-0.221190155,-0.074215842,Bacteria,BOGR
X1351_1944,1269,0.626742021,-0.194083115,-0.047108802,Bacteria,BOGR
X1351_1945,888,0.744255434,-0.076569702,0.070404611,Bacteria,BOGR
X1351_1946,814,0.621769542,-0.199055594,-0.052081281,Bacteria,BOGR
X1351_1947,910,0.674252199,-0.146572937,0.000401376,Bacteria,BOGR
X1351_1948,1025,0.714610289,-0.106214847,0.040759465,Bacteria,BOGR
X1351_673,751,0.583742511,-0.237082625,-0.090108312,Bacteria,BOGR
X1351_677,1150,0.652714483,-0.168110653,-0.02113634,Bacteria,BOGR
X1351_678,1119,0.608963283,-0.211861853,-0.06488754,Bacteria,BOGR
X1351_1375,995,0.616244421,-0.204580715,-0.057606403,Bacteria,BOGR
X1351_680,828,0.642066396,-0.17875874,-0.031784428,Bacteria,BOGR
X1351_681,1262,0.646290731,-0.174534405,-0.027560092,Bacteria,BOGR
X1351_682,1281,0.629854887,-0.190970249,-0.043995936,Bacteria,BOGR
X1351_683,1028,0.657855237,-0.162969899,-0.015995586,Bacteria,BOGR
X1351_684,1119,0.619357615,-0.201467521,-0.054493208,Bacteria,BOGR
X1351_700,661,0.628144081,-0.192681056,-0.045706743,Bacteria,BOGR
X1351_701,664,0.724684295,-0.096140841,0.050833472,Bacteria,BOGR
X1351_702,640,0.637889926,-0.18293521,-0.035960897,Bacteria,BOGR
X1351_703,506,0.652257918,-0.168567218,-0.021592905,Bacteria,BOGR
X1351_1335,916,0.617677413,-0.203147723,-0.05617341,Bacteria,BOGR
X1351_621,704,0.669261932,-0.151563204,-0.004588891,Bacteria,BOGR
X1351_622,836,0.617226756,-0.20359838,-0.056624067,Bacteria,BOGR
X1351_623,911,0.597846124,-0.222979012,-0.076004699,Bacteria,BOGR
X1351_625,869,0.585654209,-0.235170927,-0.088196614,Bacteria,BOGR
X1351_615,1059,0.618900387,-0.201924749,-0.054950436,Bacteria,BOGR
X1351_616,934,0.646245201,-0.174579935,-0.027605623,Bacteria,BOGR
X1351_617,864,0.637585975,-0.183239161,-0.036264848,Bacteria,BOGR
X1351_619,873,0.642404045,-0.178421091,-0.031446778,Bacteria,BOGR
X1351_620,1008,0.642100964,-0.178724172,-0.031749859,Bacteria,BOGR
X1351_1339,1001,0.636899519,-0.183925617,-0.036951304,Bacteria,BOGR
X1351_627,842,0.636756194,-0.184068942,-0.03709463,Bacteria,BOGR
X1351_628,816,0.622574087,-0.198251049,-0.051276736,Bacteria,BOGR
X1351_630,871,0.644488587,-0.176336549,-0.029362237,Bacteria,BOGR
X1351_631,1015,0.652851745,-0.167973391,-0.020999078,Bacteria,BOGR
X1351_697,799,0.597794524,-0.223030612,-0.076056299,Bacteria,BOGR
X1351_695,906,0.600338039,-0.220487097,-0.073512784,Bacteria,BOGR
X1351_1751,842,0.604689318,-0.216135818,-0.069161505,Bacteria,BOGR
X1351_1752,1034,0.581057072,-0.239768064,-0.092793751,Bacteria,BOGR
X1351_1753,1207,0.597258349,-0.223566787,-0.076592474,Bacteria,BOGR
X1351_1754,868,0.616401257,-0.204423879,-0.057449566,Bacteria,BOGR
X1351_1755,797,0.628124946,-0.19270019,-0.045725877,Bacteria,BOGR
X1351_1756,856,0.609332939,-0.211492197,-0.064517884,Bacteria,BOGR
X1351_632,772,0.59735402,-0.223471116,-0.076496803,Bacteria,BOGR
X1351_633,1096,0.617384109,-0.203441027,-0.056466715,Bacteria,BOGR
X1351_634,1193,0.570877026,-0.24994811,-0.102973797,Bacteria,BOGR
X1351_635,986,0.589721968,-0.231103168,-0.084128855,Bacteria,BOGR
X1351_636,955,0.572236574,-0.248588563,-0.10161425,Bacteria,BOGR
X1351_637,1059,0.599985531,-0.220839605,-0.073865293,Bacteria,BOGR
X1351_690,1010,0.580844106,-0.23998103,-0.093006718,Bacteria,BOGR
X1351_691,983,0.593784391,-0.227040745,-0.080066432,Bacteria,BOGR
X1351_692,1249,0.618102268,-0.202722868,-0.055748555,Bacteria,BOGR
X1351_693,1023,0.605337861,-0.215487275,-0.068512962,Bacteria,BOGR
X1351_694,1169,0.630359247,-0.190465889,-0.043491577,Bacteria,BOGR
X1351_1348,1003,0.705907997,-0.114917139,0.032057174,Bacteria,BOGR
X1351_1350,1409,0.622027687,-0.198797449,-0.051823136,Bacteria,BOGR
X1351_638,1050,0.704257338,-0.116567798,0.030406515,Bacteria,BOGR
X1351_639,1197,0.639399537,-0.181425599,-0.034451286,Bacteria,BOGR
X1351_640,1510,0.651452387,-0.169372749,-0.022398436,Bacteria,BOGR
X1351_641,1503,0.684125182,-0.136699954,0.010274359,Bacteria,BOGR
X1351_642,1217,0.592336829,-0.228488307,-0.081513994,Bacteria,BOGR
X1351_643,1337,0.676898981,-0.143926155,0.003048157,Bacteria,BOGR
X1351_644,1489,0.635443698,-0.185381438,-0.038407126,Bacteria,BOGR
X1351_645,1469,0.642530426,-0.17829471,-0.031320397,Bacteria,BOGR
X1351_646,1542,0.639107059,-0.181718077,-0.034743764,Bacteria,BOGR
X1351_647,658,0.644643073,-0.176182063,-0.02920775,Bacteria,BOGR
X1351_648,921,0.62213695,-0.198688187,-0.051713874,Bacteria,BOGR
X1351_649,971,0.582357694,-0.238467442,-0.09149313,Bacteria,BOGR
X1351_651,931,0.598923613,-0.221901523,-0.07492721,Bacteria,BOGR
X1351_652,758,0.622967728,-0.197857408,-0.050883095,Bacteria,BOGR
X1351_705,829,0.62457424,-0.196250896,-0.049276583,Bacteria,BOGR
X1351_706,961,0.623616523,-0.197208614,-0.050234301,Bacteria,BOGR
X1351_707,1117,0.613997475,-0.206827661,-0.059853348,Bacteria,BOGR
X1351_708,994,0.628417804,-0.192407332,-0.045433019,Bacteria,BOGR
X1351_709,1152,0.654713687,-0.166111449,-0.019137137,Bacteria,BOGR
X1351_1432,873,0.646692516,-0.17413262,-0.027158307,Bacteria,BOGR
X1351_666,783,0.623369302,-0.197455834,-0.050481521,Bacteria,BOGR
X1351_667,616,0.618049681,-0.202775456,-0.055801143,Bacteria,BOGR
X1351_668,860,0.628403735,-0.192421401,-0.045447088,Bacteria,BOGR
X1351_669,735,0.613474961,-0.207350175,-0.060375863,Bacteria,BOGR
X1351_671,656,0.618435811,-0.202389325,-0.055415012,Bacteria,BOGR
X1351_1710,1062,0.696297449,-0.112005848,0.011773769,Bacteria,BUDA
X1351_1711,1333,0.589666518,-0.21863678,-0.094857162,Bacteria,BUDA
X1351_1712,1226,0.572232237,-0.23607106,-0.112291443,Bacteria,BUDA
X1351_1701,1131,0.553798723,-0.254504574,-0.130724957,Bacteria,BUDA
X1351_1702,933,0.617098157,-0.191205141,-0.067425524,Bacteria,BUDA
X1351_1703,1142,0.576147302,-0.232155995,-0.108376378,Bacteria,BUDA
X1351_1704,1199,0.580480268,-0.227823029,-0.104043412,Bacteria,BUDA
X1351_1705,1396,0.577680746,-0.230622551,-0.106842934,Bacteria,BUDA
X1351_1707,1012,0.601166713,-0.207136584,-0.083356967,Bacteria,BUDA
X1351_1708,1460,0.577787039,-0.230516258,-0.106736641,Bacteria,BUDA
X1351_1709,1000,0.580075206,-0.228228092,-0.104448474,Bacteria,BUDA
X1351_1451,1086,0.646723178,-0.16158012,-0.037800503,Bacteria,BUDA
X1351_1452,1269,0.640118796,-0.168184502,-0.044404885,Bacteria,BUDA
X1351_1453,1047,0.582943894,-0.225359404,-0.101579787,Bacteria,BUDA
X1351_1442,1013,0.575321035,-0.232982262,-0.109202645,Bacteria,BUDA
X1351_1443,1207,0.556798524,-0.251504774,-0.127725156,Bacteria,BUDA
X1351_1444,1260,0.586520432,-0.221782865,-0.098003248,Bacteria,BUDA
X1351_1445,1021,0.658286252,-0.150017046,-0.026237428,Bacteria,BUDA
X1351_1446,1045,0.640254627,-0.168048671,-0.044269053,Bacteria,BUDA
X1351_1447,850,0.630815567,-0.17748773,-0.053708113,Bacteria,BUDA
X1351_1448,1202,0.614425605,-0.193877692,-0.070098075,Bacteria,BUDA
X1351_1449,984,0.619244468,-0.189058829,-0.065279212,Bacteria,BUDA
X1351_1450,854,0.677825462,-0.130477836,-0.006698219,Bacteria,BUDA
X1351_1511,878,0.635610025,-0.172693272,-0.048913655,Bacteria,BUDA
X1351_1512,1159,0.582395332,-0.225907966,-0.102128348,Bacteria,BUDA
X1351_1513,954,0.5801845,-0.228118798,-0.10433918,Bacteria,BUDA
X1351_1502,1081,0.554871371,-0.253431926,-0.129652309,Bacteria,BUDA
X1351_1503,889,0.616758377,-0.19154492,-0.067765303,Bacteria,BUDA
X1351_1504,1158,0.556028518,-0.25227478,-0.128495163,Bacteria,BUDA
X1351_1505,917,0.617158252,-0.191145046,-0.067365429,Bacteria,BUDA
X1351_1506,961,0.592042455,-0.216260842,-0.092481225,Bacteria,BUDA
X1351_1507,917,0.591144443,-0.217158854,-0.093379237,Bacteria,BUDA
X1351_1508,755,0.631616675,-0.176686622,-0.052907005,Bacteria,BUDA
X1351_1509,1021,0.569945468,-0.23835783,-0.114578212,Bacteria,BUDA
X1351_1510,841,0.563081216,-0.245222081,-0.121442464,Bacteria,BUDA
X1351_1736,1011,0.6024899,-0.205813398,-0.082033781,Bacteria,BUDA
X1351_1737,1164,0.566766794,-0.241536504,-0.117756887,Bacteria,BUDA
X1351_1738,1119,0.601164664,-0.207138634,-0.083359017,Bacteria,BUDA
X1351_1725,715,0.648447123,-0.159856174,-0.036076557,Bacteria,BUDA
X1351_1726,839,0.60560159,-0.202701708,-0.078922091,Bacteria,BUDA
X1351_1727,1121,0.571507845,-0.236795453,-0.113015836,Bacteria,BUDA
X1351_1730,905,0.604657661,-0.203645637,-0.07986602,Bacteria,BUDA
X1351_1731,997,0.573908491,-0.234394807,-0.110615189,Bacteria,BUDA
X1351_1732,931,0.641765171,-0.166538127,-0.04275851,Bacteria,BUDA
X1351_1733,1090,0.568565791,-0.239737507,-0.115957889,Bacteria,BUDA
X1351_1734,1066,0.592578554,-0.215724743,-0.091945126,Bacteria,BUDA
X1351_1735,1058,0.576350624,-0.231952673,-0.108173056,Bacteria,BUDA
X1351_1674,1338,0.586272951,-0.222030347,-0.09825073,Bacteria,BUDA
X1351_1675,1197,0.578429833,-0.229873465,-0.106093847,Bacteria,BUDA
X1351_1676,1487,0.619576128,-0.18872717,-0.064947553,Bacteria,BUDA
X1351_1665,1304,0.553455785,-0.254847512,-0.131067895,Bacteria,BUDA
X1351_1666,1649,0.5749826,-0.233320698,-0.109541081,Bacteria,BUDA
X1351_1667,1390,0.61035352,-0.197949778,-0.074170161,Bacteria,BUDA
X1351_1668,1348,0.624536324,-0.183766973,-0.059987356,Bacteria,BUDA
X1351_1669,1247,0.582833195,-0.225470102,-0.101690485,Bacteria,BUDA
X1351_1670,1162,0.588525418,-0.219777879,-0.095998262,Bacteria,BUDA
X1351_1671,1397,0.558274273,-0.250029025,-0.126249407,Bacteria,BUDA
X1351_1672,1168,0.639346108,-0.168957189,-0.045177572,Bacteria,BUDA
X1351_1673,877,0.613438709,-0.194864589,-0.071084972,Bacteria,BUDA
X1351_1573,1494,0.622130554,-0.186172744,-0.062393127,Bacteria,BUDA
X1351_1574,1367,0.589542366,-0.218760931,-0.094981314,Bacteria,BUDA
X1351_1575,1438,0.607537594,-0.200765703,-0.076986086,Bacteria,BUDA
X1351_1564,1489,0.593432694,-0.214870603,-0.091090986,Bacteria,BUDA
X1351_1565,1423,0.612651757,-0.195651541,-0.071871924,Bacteria,BUDA
X1351_1566,1443,0.574141453,-0.234161844,-0.110382227,Bacteria,BUDA
X1351_1567,1052,0.621201126,-0.187102171,-0.063322554,Bacteria,BUDA
X1351_1568,1263,0.544157914,-0.264145383,-0.140365766,Bacteria,BUDA
X1351_1569,1440,0.586859139,-0.221444159,-0.097664541,Bacteria,BUDA
X1351_1570,1495,0.687523454,-0.120779843,0.002999774,Bacteria,BUDA
X1351_1571,1417,0.679603075,-0.128700223,-0.004920606,Bacteria,BUDA
X1351_1572,1489,0.604766482,-0.203536816,-0.079757198,Bacteria,BUDA
X1351_1840,1089,0.558645319,-0.249657979,-0.125878362,Bacteria,BUDA
X1351_1841,1281,0.606382002,-0.201921295,-0.078141678,Bacteria,BUDA
X1351_1842,1132,0.577868664,-0.230434634,-0.106655017,Bacteria,BUDA
X1351_1831,1250,0.564103544,-0.244199753,-0.120420136,Bacteria,BUDA
X1351_1832,1032,0.592790963,-0.215512334,-0.091732717,Bacteria,BUDA
X1351_1833,986,0.567401711,-0.240901587,-0.11712197,Bacteria,BUDA
X1351_1834,1198,0.559217766,-0.249085531,-0.125305914,Bacteria,BUDA
X1351_1835,864,0.594302916,-0.214000381,-0.090220764,Bacteria,BUDA
X1351_1836,1115,0.56593339,-0.242369908,-0.118590291,Bacteria,BUDA
X1351_1837,1057,0.579037485,-0.229265812,-0.105486195,Bacteria,BUDA
X1351_1838,1022,0.600782841,-0.207520456,-0.083740839,Bacteria,BUDA
X1351_1839,959,0.586658231,-0.221645066,-0.097865449,Bacteria,BUDA
X1351_1937,987,0.714706458,-0.159934546,-0.017821334,Bacteria,SCSC
X1351_1938,831,0.721265985,-0.153375018,-0.011261806,Bacteria,SCSC
X1351_1939,925,0.740217644,-0.13442336,0.007689852,Bacteria,SCSC
X1351_1928,708,0.709075444,-0.16556556,-0.023452348,Bacteria,SCSC
X1351_1929,875,0.713891048,-0.160749956,-0.018636744,Bacteria,SCSC
X1351_1930,748,0.714105613,-0.16053539,-0.018422178,Bacteria,SCSC
X1351_1931,894,0.742266406,-0.132374597,0.009738615,Bacteria,SCSC
X1351_1932,851,0.712696049,-0.161944954,-0.019831742,Bacteria,SCSC
X1351_1933,777,0.704445855,-0.170195148,-0.028081936,Bacteria,SCSC
X1351_1934,823,0.733423958,-0.141217045,0.000896167,Bacteria,SCSC
X1351_1935,680,0.746845461,-0.127795543,0.014317669,Bacteria,SCSC
X1351_1936,972,0.718125533,-0.15651547,-0.014402258,Bacteria,SCSC
X1351_1875,1703,0.678756165,-0.195884838,-0.053771626,Bacteria,SCSC
X1351_1876,1472,0.674421548,-0.200219456,-0.058106244,Bacteria,SCSC
X1351_1877,1544,0.683550276,-0.191090727,-0.048977515,Bacteria,SCSC
X1351_1866,1639,0.650128425,-0.224512578,-0.082399366,Bacteria,SCSC
X1351_1867,1659,0.676833209,-0.197807795,-0.055694583,Bacteria,SCSC
X1351_1868,1578,0.654738523,-0.21990248,-0.077789268,Bacteria,SCSC
X1351_1869,1706,0.665984664,-0.20865634,-0.066543128,Bacteria,SCSC
X1351_1870,1742,0.65655845,-0.218082554,-0.075969342,Bacteria,SCSC
X1351_1871,1714,0.66016884,-0.214472163,-0.072358951,Bacteria,SCSC
X1351_1872,1551,0.668481029,-0.206159974,-0.064046762,Bacteria,SCSC
X1351_1873,1652,0.683253895,-0.191387109,-0.049273897,Bacteria,SCSC
X1351_1874,1487,0.731415387,-0.143225616,-0.001112404,Bacteria,SCSC
X1351_1925,1233,0.710005226,-0.164635777,-0.022522565,Bacteria,SCSC
X1351_1926,1233,0.711101909,-0.163539094,-0.021425882,Bacteria,SCSC
X1351_1927,1215,0.71522854,-0.159412464,-0.017299252,Bacteria,SCSC
X1351_1914,1195,0.743140914,-0.13150009,0.010613122,Bacteria,SCSC
X1351_1915,1170,0.735160036,-0.139480968,0.002632244,Bacteria,SCSC
X1351_1916,987,0.751231156,-0.123409848,0.018703364,Bacteria,SCSC
X1351_1917,975,0.731896683,-0.14274432,-0.000631108,Bacteria,SCSC
X1351_1918,1222,0.72403009,-0.150610913,-0.008497701,Bacteria,SCSC
X1351_1919,779,0.835595817,-0.039045187,0.103068025,Bacteria,SCSC
X1351_1922,960,0.755547201,-0.119093803,0.023019409,Bacteria,SCSC
X1351_1923,1000,0.730012677,-0.144628327,-0.002515115,Bacteria,SCSC
X1351_1924,1210,0.713021854,-0.161619149,-0.019505937,Bacteria,SCSC
X1351_1475,1083,0.680590285,-0.194050718,-0.051937506,Bacteria,SCSC
X1351_1476,875,0.724231664,-0.150409339,-0.008296127,Bacteria,SCSC
X1351_1466,801,0.770447654,-0.104193349,0.037919863,Bacteria,SCSC
X1351_1467,848,0.698874868,-0.175766135,-0.033652923,Bacteria,SCSC
X1351_1468,1076,0.668696035,-0.205944968,-0.063831756,Bacteria,SCSC
X1351_1469,815,0.708270776,-0.166370227,-0.024257015,Bacteria,SCSC
X1351_1470,805,0.693846644,-0.180794359,-0.038681147,Bacteria,SCSC
X1351_1471,1028,0.729983769,-0.144657234,-0.002544022,Bacteria,SCSC
X1351_1472,980,0.68129505,-0.193345954,-0.051232742,Bacteria,SCSC
X1351_1473,1230,0.64683418,-0.227806823,-0.085693611,Bacteria,SCSC
X1351_1474,1000,0.663174272,-0.211466732,-0.06935352,Bacteria,SCSC
X1351_1463,1332,0.688892773,-0.18574823,-0.043635018,Bacteria,SCSC
X1351_1464,1140,0.728748448,-0.145892555,-0.003779343,Bacteria,SCSC
X1351_1465,1258,0.667639117,-0.207001886,-0.064888674,Bacteria,SCSC
X1351_1454,1322,0.662191913,-0.21244909,-0.070335878,Bacteria,SCSC
X1351_1455,1229,0.650810188,-0.223830815,-0.081717603,Bacteria,SCSC
X1351_1456,1205,0.679052159,-0.195588845,-0.053475633,Bacteria,SCSC
X1351_1457,1362,0.651996527,-0.222644477,-0.080531265,Bacteria,SCSC
X1351_1458,1399,0.671762313,-0.20287869,-0.060765478,Bacteria,SCSC
X1351_1459,1212,0.656696442,-0.217944562,-0.07583135,Bacteria,SCSC
X1351_1460,1223,0.647953652,-0.226687352,-0.08457414,Bacteria,SCSC
X1351_1461,1195,0.654264971,-0.220376032,-0.07826282,Bacteria,SCSC
X1351_1462,1330,0.664573428,-0.210067575,-0.067954363,Bacteria,SCSC
X1351_1899,1415,0.725905557,-0.148735446,-0.006622234,Bacteria,SCSC
X1351_1900,1529,0.670332008,-0.204308995,-0.062195783,Bacteria,SCSC
X1351_1901,1251,0.755883107,-0.118757896,0.023355316,Bacteria,SCSC
X1351_1890,1480,0.660480745,-0.214160258,-0.072047046,Bacteria,SCSC
X1351_1891,1529,0.714918554,-0.159722449,-0.017609237,Bacteria,SCSC
X1351_1892,1282,0.75328473,-0.121356273,0.020756939,Bacteria,SCSC
X1351_1893,1551,0.703092414,-0.171548589,-0.029435377,Bacteria,SCSC
X1351_1894,1303,0.718924084,-0.155716919,-0.013603707,Bacteria,SCSC
X1351_1895,1463,0.709808204,-0.1648328,-0.022719588,Bacteria,SCSC
X1351_1896,1375,0.693223591,-0.181417413,-0.0393042,Bacteria,SCSC
X1351_1897,1294,0.751899713,-0.122741291,0.019371921,Bacteria,SCSC
X1351_1898,1285,0.725822341,-0.148818662,-0.00670545,Bacteria,SCSC
X1351_1651,1014,0.694290639,-0.180350364,-0.038237152,Bacteria,SCSC
X1351_1652,896,0.736159721,-0.138481283,0.003631929,Bacteria,SCSC
X1351_1643,829,0.705927131,-0.168713873,-0.026600661,Bacteria,SCSC
X1351_1644,952,0.762198829,-0.112442175,0.029671037,Bacteria,SCSC
X1351_1645,968,0.76590033,-0.108740674,0.033372538,Bacteria,SCSC
X1351_1646,880,0.694574712,-0.180066291,-0.037953079,Bacteria,SCSC
X1351_1647,998,0.705253295,-0.169387708,-0.027274496,Bacteria,SCSC
X1351_1648,1023,0.68415126,-0.190489743,-0.048376531,Bacteria,SCSC
X1351_1649,976,0.733626207,-0.141014796,0.001098416,Bacteria,SCSC
X1351_1523,1364,0.657247584,-0.217393419,-0.075280207,Bacteria,SCSC
X1351_1524,1061,0.666892443,-0.207748561,-0.065635348,Bacteria,SCSC
X1351_1525,1122,0.650555253,-0.224085751,-0.081972539,Bacteria,SCSC
X1351_1514,1116,0.630875132,-0.243765871,-0.101652659,Bacteria,SCSC
X1351_1515,1101,0.654433834,-0.220207169,-0.078093957,Bacteria,SCSC
X1351_1516,1151,0.639182902,-0.235458101,-0.093344889,Bacteria,SCSC
X1351_1517,1263,0.642882984,-0.231758019,-0.089644807,Bacteria,SCSC
X1351_1518,1315,0.632467302,-0.242173701,-0.100060489,Bacteria,SCSC
X1351_1519,1320,0.663256564,-0.21138444,-0.069271228,Bacteria,SCSC
X1351_1520,936,0.666563578,-0.208077426,-0.065964214,Bacteria,SCSC
X1351_1521,1186,0.657034662,-0.217606341,-0.075493129,Bacteria,SCSC
X1351_1522,1176,0.628166349,-0.246474654,-0.104361442,Bacteria,SCSC
X1351_1686,727,0.715434601,-0.159206403,-0.017093191,Bacteria,SCSC
X1351_1687,950,0.691582824,-0.183058179,-0.040944967,Bacteria,SCSC
X1351_1688,763,0.744980559,-0.129660444,0.012452768,Bacteria,SCSC
X1351_1677,583,0.801533294,-0.073107709,0.069005503,Bacteria,SCSC
X1351_1678,581,0.821760583,-0.05288042,0.089232792,Bacteria,SCSC
X1351_1679,693,0.786650197,-0.087990806,0.054122406,Bacteria,SCSC
X1351_1680,649,0.796179791,-0.078461213,0.063651999,Bacteria,SCSC
X1351_1681,788,0.793608414,-0.081032589,0.061080623,Bacteria,SCSC
X1351_1682,460,0.829377317,-0.045263687,0.096849525,Bacteria,SCSC
X1351_1683,311,0.910457104,0.0358161,0.177929312,Bacteria,SCSC
X1351_1684,891,0.733927998,-0.140713005,0.001400207,Bacteria,SCSC
X1351_1685,715,0.752614831,-0.122026173,0.020087039,Bacteria,SCSC
X1351_1561,1456,0.673837177,-0.200803826,-0.058690614,Bacteria,SCSC
X1351_1562,1231,0.68027984,-0.194361163,-0.052247951,Bacteria,SCSC
X1351_1563,1342,0.701218657,-0.173422346,-0.031309134,Bacteria,SCSC
X1351_1552,1119,0.711293962,-0.163347042,-0.02123383,Bacteria,SCSC
X1351_1554,1541,0.670805015,-0.203835988,-0.061722776,Bacteria,SCSC
X1351_1555,1435,0.660800242,-0.213840762,-0.07172755,Bacteria,SCSC
X1351_1556,1418,0.667009319,-0.207631685,-0.065518472,Bacteria,SCSC
X1351_1557,1468,0.665646843,-0.208994161,-0.066880949,Bacteria,SCSC
X1351_1558,1329,0.689215862,-0.185425141,-0.043311929,Bacteria,SCSC
X1351_1559,1325,0.706000652,-0.168640352,-0.02652714,Bacteria,SCSC
X1351_1560,1410,0.649529055,-0.225111948,-0.082998736,Bacteria,SCSC
X1351_1585,925,0.661714152,-0.212926851,-0.070813639,Bacteria,SCSC
X1351_1586,824,0.669393901,-0.205247102,-0.06313389,Bacteria,SCSC
X1351_1587,926,0.668723792,-0.205917212,-0.063804,Bacteria,SCSC
X1351_1576,585,0.67985343,-0.194787573,-0.052674361,Bacteria,SCSC
X1351_1577,762,0.698265457,-0.176375546,-0.034262334,Bacteria,SCSC
X1351_1578,845,0.680537906,-0.194103097,-0.051989885,Bacteria,SCSC
X1351_1579,735,0.685240278,-0.189400725,-0.047287513,Bacteria,SCSC
X1351_1580,814,0.674839824,-0.199801179,-0.057687967,Bacteria,SCSC
X1351_1581,705,0.683852588,-0.190788416,-0.048675204,Bacteria,SCSC
X1351_1582,986,0.662331938,-0.212309065,-0.070195853,Bacteria,SCSC
X1351_1583,700,0.697749943,-0.176891061,-0.034777849,Bacteria,SCSC
X1351_1584,770,0.685129183,-0.18951182,-0.047398608,Bacteria,SCSC
X1351_1863,735,0.812331676,-0.062309328,0.079803884,Bacteria,SCSC
X1351_1864,1157,0.679725402,-0.194915602,-0.05280239,Bacteria,SCSC
X1351_1865,905,0.750611122,-0.124029881,0.018083331,Bacteria,SCSC
X1351_1855,1404,0.679572763,-0.19506824,-0.052955028,Bacteria,SCSC
X1351_1856,1261,0.646688737,-0.227952266,-0.085839054,Bacteria,SCSC
X1351_1857,1425,0.673433046,-0.201207957,-0.059094745,Bacteria,SCSC
X1351_1858,971,0.733877791,-0.140763212,0.00135,Bacteria,SCSC
X1351_1859,1058,0.735954026,-0.138686977,0.003426235,Bacteria,SCSC
X1351_1860,1398,0.658002865,-0.216638138,-0.074524926,Bacteria,SCSC
X1351_1861,1075,0.714286409,-0.160354595,-0.018241383,Bacteria,SCSC
X1351_1862,1368,0.637951579,-0.236689425,-0.094576213,Bacteria,SCSC
X1351_1802,1626,0.690636296,-0.184004708,-0.041891496,Bacteria,SCSC
X1351_1803,1269,0.691930024,-0.182710979,-0.040597767,Bacteria,SCSC
X1351_1804,1266,0.703851726,-0.170789278,-0.028676066,Bacteria,SCSC
X1351_1793,1334,0.708563931,-0.166077073,-0.023963861,Bacteria,SCSC
X1351_1794,1419,0.697186731,-0.177454272,-0.03534106,Bacteria,SCSC
X1351_1795,943,0.775016978,-0.099624025,0.042489187,Bacteria,SCSC
X1351_1796,1416,0.697115913,-0.17752509,-0.035411878,Bacteria,SCSC
X1351_1797,1520,0.672202413,-0.202438591,-0.060325379,Bacteria,SCSC
X1351_1798,1330,0.729897622,-0.144743381,-0.002630169,Bacteria,SCSC
X1351_1799,1298,0.691803039,-0.182837964,-0.040724752,Bacteria,SCSC
X1351_1800,1217,0.742282196,-0.132358807,0.009754405,Bacteria,SCSC
X1351_1801,1198,0.69341313,-0.181227874,-0.039114662,Bacteria,SCSC
X1351_1766,1205,0.812775344,-0.061865659,0.080247553,Bacteria,SCSC
X1351_1767,1322,0.7248312,-0.149809803,-0.007696591,Bacteria,SCSC
X1351_1768,1192,0.736088408,-0.138552596,0.003560616,Bacteria,SCSC
X1351_1757,798,0.858916605,-0.015724399,0.126388813,Bacteria,SCSC
X1351_1758,967,0.853918421,-0.020722582,0.12139063,Bacteria,SCSC
X1351_1759,1090,0.690921857,-0.183719147,-0.041605935,Bacteria,SCSC
X1351_1760,1144,0.777759711,-0.096881292,0.04523192,Bacteria,SCSC
X1351_1761,1043,0.738273466,-0.136367537,0.005745675,Bacteria,SCSC
X1351_1762,1286,0.785911121,-0.088729883,0.053383329,Bacteria,SCSC
X1351_1763,1044,0.798275733,-0.07636527,0.065747942,Bacteria,SCSC
X1351_1764,980,0.842369083,-0.032271921,0.109841291,Bacteria,SCSC
X1351_1765,1152,0.788185137,-0.086455866,0.055657346,Bacteria,SCSC
X1351_1828,1222,0.747774045,-0.126866958,0.015246254,Bacteria,SCSC
X1351_1829,1696,0.756730211,-0.117910792,0.02420242,Bacteria,SCSC
X1351_1830,1348,0.789895805,-0.084745198,0.057368014,Bacteria,SCSC
X1351_1817,1574,0.758038085,-0.116602919,0.025510293,Bacteria,SCSC
X1351_1818,1776,0.712453912,-0.162187091,-0.020073879,Bacteria,SCSC
X1351_1819,1692,0.713299328,-0.161341676,-0.019228464,Bacteria,SCSC
X1351_1820,1619,0.694170726,-0.180470277,-0.038357065,Bacteria,SCSC
X1351_1821,1778,0.708225658,-0.166415346,-0.024302134,Bacteria,SCSC
X1351_1822,1469,0.760665879,-0.113975125,0.028138087,Bacteria,SCSC
X1351_1823,1759,0.7304302,-0.144210804,-0.002097592,Bacteria,SCSC
X1351_1826,1438,0.755578491,-0.119062512,0.0230507,Bacteria,SCSC
X1351_1827,1843,0.751650916,-0.122990088,0.019123124,Bacteria,SCSC