ITS_ID,Observed,beta_div_metacomm_mean,abund_null_dev_stoch,abund_null_dev_det,Domain,Grass
SRR13801425,102,0.902700973,0.355555168,0.381680142,Fungi,ANGE
SRR13800996,102,0.916950195,0.36980439,0.395929364,Fungi,ANGE
SRR13800985,105,0.898657026,0.351511221,0.377636195,Fungi,ANGE
SRR13801436,93,0.936615182,0.389469378,0.415594351,Fungi,ANGE
SRR13801262,89,0.926849513,0.379703709,0.405828682,Fungi,ANGE
SRR13801251,82,0.923061708,0.375915904,0.402040877,Fungi,ANGE
SRR13801085,107,0.882375392,0.335229588,0.361354561,Fungi,ANGE
SRR13801515,100,0.928139322,0.380993518,0.407118491,Fungi,ANGE
SRR13801504,84,0.956224705,0.409078901,0.435203874,Fungi,ANGE
SRR13801052,83,0.927005525,0.37985972,0.405984694,Fungi,ANGE
SRR13801041,128,0.94507093,0.397925125,0.424050099,Fungi,ANGE
SRR13801168,162,0.851680304,0.304534499,0.330659473,Fungi,ANGE
SRR13801167,101,0.914115862,0.366970057,0.393095031,Fungi,ANGE
SRR13801172,64,0.960167548,0.413021743,0.439146717,Fungi,ANGE
SRR13801166,79,0.936716799,0.389570994,0.415695968,Fungi,ANGE
SRR13801165,136,0.908469318,0.361323513,0.387448487,Fungi,ANGE
SRR13801164,120,0.874052101,0.326906297,0.35303127,Fungi,ANGE
SRR13801162,110,0.943669036,0.396523231,0.422648205,Fungi,ANGE
SRR13801161,145,0.922252686,0.375106881,0.401231855,Fungi,ANGE
SRR13801160,122,0.951803339,0.404657534,0.430782508,Fungi,ANGE
SRR13801158,107,0.934123582,0.386977778,0.413102751,Fungi,ANGE
SRR13801459,123,0.873364119,0.326218314,0.352343288,Fungi,ANGE
SRR13801458,108,0.96709622,0.419950415,0.446075389,Fungi,ANGE
SRR13801457,124,0.872815078,0.325669273,0.351794247,Fungi,ANGE
SRR13801460,116,0.887086124,0.33994032,0.366065293,Fungi,ANGE
SRR13801456,121,0.891403117,0.344257312,0.370382286,Fungi,ANGE
SRR13801455,118,0.847793259,0.300647454,0.326772428,Fungi,ANGE
SRR13801454,111,0.890539162,0.343393357,0.369518331,Fungi,ANGE
SRR13801452,91,0.906951622,0.359805818,0.385930791,Fungi,ANGE
SRR13801450,111,0.906269256,0.359123452,0.385248425,Fungi,ANGE
SRR13801449,142,0.907611905,0.3604661,0.386591074,Fungi,ANGE
SRR13801544,119,0.881364366,0.334218562,0.360343535,Fungi,ANGE
SRR13800954,133,0.958921938,0.411776133,0.437901107,Fungi,ANGE
SRR13800953,145,0.937593179,0.390447374,0.416572348,Fungi,ANGE
SRR13800951,123,0.929196768,0.382050964,0.408175937,Fungi,ANGE
SRR13800955,192,0.917857928,0.370712123,0.396837097,Fungi,ANGE
SRR13800950,197,0.901527936,0.354382131,0.380507105,Fungi,ANGE
SRR13800949,153,0.901041555,0.35389575,0.380020724,Fungi,ANGE
SRR13800948,138,0.907827127,0.360681322,0.386806296,Fungi,ANGE
SRR13800947,128,0.938135741,0.390989937,0.41711491,Fungi,ANGE
SRR13800946,100,0.937264331,0.390118527,0.4162435,Fungi,ANGE
SRR13800945,142,0.926574148,0.379428343,0.405553317,Fungi,ANGE
SRR13800944,155,0.864305581,0.317159776,0.34328475,Fungi,ANGE
SRR13800943,168,0.953569274,0.40642347,0.432548443,Fungi,ANGE
SRR13801387,88,0.891551757,0.344405952,0.370530926,Fungi,ANGE
SRR13801386,74,0.946015074,0.398869269,0.424994243,Fungi,ANGE
SRR13801385,75,0.93967835,0.392532546,0.418657519,Fungi,ANGE
SRR13801388,89,0.917749013,0.370603209,0.396728182,Fungi,ANGE
SRR13801384,59,0.954126012,0.406980207,0.433105181,Fungi,ANGE
SRR13801382,114,0.918309216,0.371163411,0.397288385,Fungi,ANGE
SRR13801381,79,0.896530483,0.349384679,0.375509652,Fungi,ANGE
SRR13801380,100,0.912869933,0.365724129,0.391849102,Fungi,ANGE
SRR13801379,80,0.935140251,0.387994447,0.41411942,Fungi,ANGE
SRR13801378,86,0.909345004,0.362199199,0.388324173,Fungi,ANGE
SRR13801377,70,0.889100325,0.34195452,0.368079494,Fungi,ANGE
SRR13801376,102,0.89937166,0.352225855,0.378350829,Fungi,ANGE
SRR13801005,192,0.740917929,0.193772124,0.219897098,Fungi,ANGE
SRR13801004,186,0.757485845,0.210340041,0.236465015,Fungi,ANGE
SRR13801003,197,0.754001517,0.206855713,0.232980686,Fungi,ANGE
SRR13801006,208,0.738916547,0.191770743,0.217895717,Fungi,ANGE
SRR13801002,221,0.766236959,0.219091154,0.245216128,Fungi,ANGE
SRR13801001,230,0.733871771,0.186725967,0.21285094,Fungi,ANGE
SRR13801000,166,0.770193478,0.223047673,0.249172647,Fungi,ANGE
SRR13800999,183,0.831127975,0.283982171,0.310107144,Fungi,ANGE
SRR13800998,224,0.76206873,0.214922926,0.241047899,Fungi,ANGE
SRR13800995,216,0.753211992,0.206066188,0.232191161,Fungi,ANGE
SRR13800994,281,0.759081867,0.211936062,0.238061036,Fungi,ANGE
SRR13801254,197,0.872021397,0.324875592,0.351000566,Fungi,ANGE
SRR13801253,237,0.835758087,0.288612282,0.314737256,Fungi,ANGE
SRR13801252,230,0.847103423,0.299957618,0.326082592,Fungi,ANGE
SRR13801255,203,0.836980558,0.289834753,0.315959727,Fungi,ANGE
SRR13801249,208,0.828465413,0.281319608,0.307444582,Fungi,ANGE
SRR13801103,201,0.77112317,0.223977365,0.250102339,Fungi,ANGE
SRR13801102,178,0.847189334,0.300043529,0.326168503,Fungi,ANGE
SRR13801101,194,0.823606472,0.276460668,0.302585641,Fungi,ANGE
SRR13801100,216,0.803015625,0.25586982,0.281994794,Fungi,ANGE
SRR13801099,202,0.777539639,0.230393835,0.256518808,Fungi,ANGE
SRR13801082,213,0.779768064,0.23262226,0.258747233,Fungi,ANGE
SRR13801081,232,0.760349201,0.213203396,0.23932837,Fungi,ANGE
SRR13801084,213,0.7772666,0.230120795,0.256245769,Fungi,ANGE
SRR13801080,237,0.833990306,0.286844502,0.312969475,Fungi,ANGE
SRR13801520,198,0.885369728,0.338223923,0.364348897,Fungi,ANGE
SRR13801519,168,0.889728028,0.342582223,0.368707197,Fungi,ANGE
SRR13801518,205,0.897871566,0.350725761,0.376850735,Fungi,ANGE
SRR13801517,193,0.817319309,0.270173504,0.296298478,Fungi,ANGE
SRR13801516,195,0.818524577,0.271378772,0.297503746,Fungi,ANGE
SRR13801514,196,0.826700151,0.279554347,0.30567932,Fungi,ANGE
SRR13801036,128,0.900159241,0.353013437,0.37913841,Fungi,ANGE
SRR13801061,227,0.747548729,0.200402925,0.226527899,Fungi,ANGE
SRR13801058,175,0.729047678,0.181901873,0.208026847,Fungi,ANGE
SRR13801062,224,0.783396118,0.236250313,0.262375287,Fungi,ANGE
SRR13801056,221,0.774910227,0.227764422,0.253889396,Fungi,ANGE
SRR13801496,200,0.739484677,0.192338873,0.218463847,Fungi,ANGE
SRR13801495,225,0.741056551,0.193910746,0.22003572,Fungi,ANGE
SRR13801494,202,0.727957344,0.18081154,0.206936513,Fungi,ANGE
SRR13801493,213,0.755641437,0.208495632,0.234620606,Fungi,ANGE
SRR13801492,205,0.766938201,0.219792396,0.24591737,Fungi,ANGE
SRR13801491,238,0.740508123,0.193362318,0.219487292,Fungi,ANGE
SRR13800962,88,0.88471795,0.415732883,0.426702628,Fungi,BOER
SRR13800927,65,0.784910214,0.315925147,0.326894892,Fungi,BOER
SRR13800916,70,0.807762393,0.338777326,0.349747071,Fungi,BOER
SRR13800973,90,0.819354505,0.350369438,0.361339183,Fungi,BOER
SRR13801586,97,0.780970739,0.311985672,0.322955416,Fungi,BOER
SRR13801575,67,0.805620291,0.336635224,0.347604969,Fungi,BOER
SRR13801170,48,0.833895964,0.364910897,0.375880642,Fungi,BOER
SRR13801159,92,0.804127382,0.335142315,0.346112059,Fungi,BOER
SRR13801370,94,0.804822675,0.335837608,0.346807352,Fungi,BOER
SRR13801359,52,0.922124371,0.453139303,0.464109048,Fungi,BOER
SRR13801423,69,0.890584947,0.42159988,0.432569625,Fungi,BOER
SRR13801412,89,0.807996646,0.339011579,0.349981323,Fungi,BOER
SRR13801346,155,0.752199259,0.283214192,0.294183936,Fungi,BOER
SRR13801345,149,0.867325778,0.398340711,0.409310456,Fungi,BOER
SRR13801344,161,0.851142058,0.38215699,0.393126735,Fungi,BOER
SRR13801347,160,0.731744854,0.262759787,0.273729532,Fungi,BOER
SRR13801342,165,0.75348787,0.284502803,0.295472548,Fungi,BOER
SRR13801341,171,0.77421605,0.305230983,0.316200727,Fungi,BOER
SRR13801340,173,0.740335932,0.271350865,0.282320609,Fungi,BOER
SRR13801339,157,0.791555434,0.322570367,0.333540112,Fungi,BOER
SRR13801338,167,0.922588244,0.453603176,0.464572921,Fungi,BOER
SRR13801337,150,0.767075821,0.298090754,0.309060498,Fungi,BOER
SRR13801336,136,0.797064907,0.32807984,0.339049585,Fungi,BOER
SRR13801307,82,0.940482074,0.471497007,0.482466752,Fungi,BOER
SRR13801306,73,0.873815101,0.404830034,0.415799779,Fungi,BOER
SRR13801305,110,0.962338989,0.493353922,0.504323667,Fungi,BOER
SRR13801308,82,0.862851133,0.393866066,0.40483581,Fungi,BOER
SRR13801304,98,0.933496659,0.464511591,0.475481336,Fungi,BOER
SRR13801302,94,0.910089765,0.441104698,0.452074443,Fungi,BOER
SRR13801301,97,0.833881257,0.36489619,0.375865934,Fungi,BOER
SRR13801299,68,0.958563335,0.489578268,0.500548013,Fungi,BOER
SRR13801298,99,0.898883021,0.429897954,0.440867699,Fungi,BOER
SRR13801297,92,0.921244583,0.452259516,0.46322926,Fungi,BOER
SRR13801296,79,0.829394949,0.360409882,0.371379626,Fungi,BOER
SRR13801294,84,0.834369144,0.365384077,0.376353821,Fungi,BOER
SRR13801293,73,0.871219485,0.402234418,0.413204163,Fungi,BOER
SRR13801292,102,0.775453416,0.306468349,0.317438093,Fungi,BOER
SRR13801295,102,0.783009552,0.314024485,0.32499423,Fungi,BOER
SRR13801291,69,0.830100292,0.361115225,0.37208497,Fungi,BOER
SRR13801290,134,0.841759139,0.372774072,0.383743817,Fungi,BOER
SRR13801288,73,0.882286408,0.413301341,0.424271086,Fungi,BOER
SRR13801287,72,0.826487588,0.357502521,0.368472266,Fungi,BOER
SRR13801286,64,0.868396208,0.399411141,0.410380886,Fungi,BOER
SRR13801285,70,0.943136727,0.47415166,0.485121404,Fungi,BOER
SRR13801284,84,0.809827962,0.340842895,0.35181264,Fungi,BOER
SRR13801283,66,0.825485246,0.356500179,0.367469924,Fungi,BOER
SRR13801118,61,0.883465394,0.414480327,0.425450072,Fungi,BOER
SRR13801116,62,0.872315649,0.403330582,0.414300327,Fungi,BOER
SRR13801119,66,0.88170686,0.412721793,0.423691538,Fungi,BOER
SRR13801114,64,0.747501107,0.27851604,0.289485785,Fungi,BOER
SRR13801113,61,0.800243849,0.331258781,0.342228526,Fungi,BOER
SRR13801112,72,0.801993275,0.333008208,0.343977952,Fungi,BOER
SRR13801111,83,0.827441454,0.358456387,0.369426132,Fungi,BOER
SRR13801110,61,0.869633759,0.400648692,0.411618436,Fungi,BOER
SRR13801109,59,0.812597128,0.343612061,0.354581806,Fungi,BOER
SRR13801108,66,0.770158086,0.301173019,0.312142763,Fungi,BOER
SRR13801107,79,0.806627489,0.337642422,0.348612167,Fungi,BOER
SRR13800971,186,0.786847494,0.317862427,0.328832171,Fungi,BOER
SRR13800970,176,0.736440885,0.267455818,0.278425563,Fungi,BOER
SRR13800969,192,0.754086367,0.2851013,0.296071044,Fungi,BOER
SRR13800972,203,0.805495979,0.336510912,0.347480657,Fungi,BOER
SRR13800968,195,0.78964941,0.320664343,0.331634088,Fungi,BOER
SRR13800967,180,0.741160502,0.272175435,0.28314518,Fungi,BOER
SRR13800966,187,0.814262316,0.345277249,0.356246994,Fungi,BOER
SRR13800965,172,0.751569687,0.28258462,0.293554365,Fungi,BOER
SRR13800964,175,0.78875524,0.319770173,0.330739918,Fungi,BOER
SRR13800963,164,0.737075241,0.268090174,0.279059919,Fungi,BOER
SRR13800961,191,0.795228096,0.326243029,0.337212773,Fungi,BOER
SRR13800960,188,0.788301908,0.319316841,0.330286585,Fungi,BOER
SRR13801565,103,0.880604767,0.4116197,0.422589445,Fungi,BOER
SRR13801564,83,0.804257559,0.335272492,0.346242236,Fungi,BOER
SRR13801563,79,0.932477395,0.463492328,0.474462072,Fungi,BOER
SRR13801566,56,0.86624947,0.397264403,0.408234148,Fungi,BOER
SRR13801561,87,0.844784353,0.375799286,0.38676903,Fungi,BOER
SRR13801559,73,0.887739593,0.418754526,0.429724271,Fungi,BOER
SRR13801558,80,0.868977332,0.399992265,0.41096201,Fungi,BOER
SRR13801556,53,0.856799731,0.387814664,0.398784409,Fungi,BOER
SRR13801555,40,0.936663844,0.467678777,0.478648521,Fungi,BOER
SRR13801399,172,0.760130056,0.246959413,0.25201969,Fungi,BOGR
SRR13801186,168,0.812076515,0.298905872,0.303966149,Fungi,BOGR
SRR13801171,160,0.957398498,0.444227855,0.449288133,Fungi,BOGR
SRR13801400,166,0.689579683,0.17640904,0.181469317,Fungi,BOGR
SRR13801525,226,0.750182799,0.237012156,0.242072434,Fungi,BOGR
SRR13800997,197,0.738232139,0.225061495,0.230121773,Fungi,BOGR
SRR13801246,187,0.774235443,0.2610648,0.266125077,Fungi,BOGR
SRR13801475,195,0.876317302,0.363146659,0.368206936,Fungi,BOGR
SRR13801023,206,0.757388106,0.244217463,0.24927774,Fungi,BOGR
SRR13801012,207,0.742255511,0.229084868,0.234145145,Fungi,BOGR
SRR13801398,192,0.700573118,0.187402475,0.192462752,Fungi,BOGR
SRR13801333,175,0.773569143,0.2603985,0.265458778,Fungi,BOGR
SRR13801401,72,0.909964834,0.396794191,0.401854468,Fungi,BOGR
SRR13801524,68,0.824692791,0.311522148,0.316582425,Fungi,BOGR
SRR13800952,99,0.802304799,0.289134156,0.294194434,Fungi,BOGR
SRR13801146,54,0.806485607,0.293314964,0.298375241,Fungi,BOGR
SRR13801135,151,0.917971637,0.404800994,0.409861272,Fungi,BOGR
SRR13801476,107,0.914623956,0.401453313,0.406513591,Fungi,BOGR
SRR13801245,108,0.787756055,0.274585412,0.27964569,Fungi,BOGR
SRR13801546,91,0.777619547,0.264448903,0.269509181,Fungi,BOGR
SRR13801070,111,0.864400062,0.351229419,0.356289697,Fungi,BOGR
SRR13801059,87,0.927802882,0.414632239,0.419692517,Fungi,BOGR
SRR13801489,114,0.841732236,0.328561593,0.33362187,Fungi,BOGR
SRR13801478,101,0.929489751,0.416319108,0.421379385,Fungi,BOGR
SRR13801335,188,0.687452752,0.174282109,0.179342387,Fungi,BOGR
SRR13801330,161,0.679980959,0.166810316,0.171870594,Fungi,BOGR
SRR13801329,185,0.7366648,0.223494157,0.228554434,Fungi,BOGR
SRR13801328,145,0.720673499,0.207502856,0.212563133,Fungi,BOGR
SRR13801327,178,0.701454366,0.188283723,0.193344001,Fungi,BOGR
SRR13801279,83,0.818920214,0.305749571,0.310809848,Fungi,BOGR
SRR13801282,69,0.776885718,0.263715074,0.268775352,Fungi,BOGR
SRR13801277,68,0.945674459,0.432503816,0.437564093,Fungi,BOGR
SRR13801276,96,0.819796844,0.306626201,0.311686478,Fungi,BOGR
SRR13801275,93,0.78170783,0.268537187,0.273597465,Fungi,BOGR
SRR13801274,100,0.799778351,0.286607708,0.291667985,Fungi,BOGR
SRR13801207,83,0.91883782,0.405667177,0.410727454,Fungi,BOGR
SRR13801203,86,0.874481676,0.361311033,0.366371311,Fungi,BOGR
SRR13801202,99,0.824332025,0.311161381,0.316221659,Fungi,BOGR
SRR13801201,140,0.957015945,0.443845302,0.448905579,Fungi,BOGR
SRR13801200,86,0.793710974,0.280540331,0.285600608,Fungi,BOGR
SRR13801105,80,0.794610588,0.281439945,0.286500222,Fungi,BOGR
SRR13801106,89,0.815429957,0.302259314,0.307319591,Fungi,BOGR
SRR13800981,87,0.807796351,0.294625708,0.299685985,Fungi,BOGR
SRR13800980,51,0.788643054,0.275472411,0.280532688,Fungi,BOGR
SRR13800979,81,0.811605492,0.298434849,0.303495127,Fungi,BOGR
SRR13800978,68,0.79266454,0.279493897,0.284554174,Fungi,BOGR
SRR13800933,203,0.739263239,0.226092596,0.231152873,Fungi,BOGR
SRR13800932,181,0.751202971,0.238032328,0.243092605,Fungi,BOGR
SRR13800935,195,0.691871911,0.178701268,0.183761545,Fungi,BOGR
SRR13800930,207,0.714411543,0.2012409,0.206301178,Fungi,BOGR
SRR13800929,189,0.739592361,0.226421718,0.231481996,Fungi,BOGR
SRR13800928,201,0.716351718,0.203181075,0.208241352,Fungi,BOGR
SRR13800926,172,0.713278811,0.200108168,0.205168446,Fungi,BOGR
SRR13800925,177,0.705295629,0.192124986,0.197185264,Fungi,BOGR
SRR13800924,165,0.696553921,0.183383278,0.188443556,Fungi,BOGR
SRR13800923,171,0.729687857,0.216517214,0.221577492,Fungi,BOGR
SRR13801588,138,0.930464196,0.417293553,0.42235383,Fungi,BOGR
SRR13801157,84,0.889515185,0.376344541,0.381404819,Fungi,BOGR
SRR13801153,138,0.962211924,0.449041281,0.454101559,Fungi,BOGR
SRR13801152,130,0.970643191,0.457472548,0.462532826,Fungi,BOGR
SRR13801373,124,0.821641272,0.308470629,0.313530906,Fungi,BOGR
SRR13801372,92,0.926442994,0.413272351,0.418332628,Fungi,BOGR
SRR13801371,147,0.864914435,0.351743792,0.35680407,Fungi,BOGR
SRR13801410,74,0.900173695,0.387003051,0.392063329,Fungi,BOGR
SRR13801409,112,0.946082251,0.432911608,0.437971885,Fungi,BOGR
SRR13801408,114,0.806084373,0.29291373,0.297974008,Fungi,BOGR
SRR13801407,122,0.819959909,0.306789266,0.311849543,Fungi,BOGR
SRR13800940,123,0.89512632,0.381955677,0.387015954,Fungi,BOGR
SRR13800938,157,0.862454902,0.349284259,0.354344536,Fungi,BOGR
SRR13800937,93,0.968562674,0.455392031,0.460452308,Fungi,BOGR
SRR13800936,116,0.905113338,0.391942695,0.397002972,Fungi,BOGR
SRR13801151,122,0.892214365,0.379043722,0.384104,Fungi,BOGR
SRR13801150,86,0.894866875,0.381696232,0.38675651,Fungi,BOGR
SRR13801149,111,0.975913774,0.462743131,0.467803408,Fungi,BOGR
SRR13801147,169,0.914134751,0.400964108,0.406024385,Fungi,BOGR
SRR13801145,162,0.962192593,0.44902195,0.454082227,Fungi,BOGR
SRR13801375,74,0.832284444,0.319113801,0.324174078,Fungi,BOGR
SRR13801445,67,0.852871075,0.339700432,0.344760709,Fungi,BOGR
SRR13801444,89,0.846906666,0.333736023,0.338796301,Fungi,BOGR
SRR13801443,56,0.784520941,0.271350298,0.276410575,Fungi,BOGR
SRR13801441,80,0.774345725,0.261175082,0.26623536,Fungi,BOGR
SRR13801499,194,0.772707094,0.259536451,0.264596729,Fungi,BOGR
SRR13801054,171,0.82574498,0.312574337,0.317634615,Fungi,BOGR
SRR13801053,186,0.771860571,0.258689928,0.263750205,Fungi,BOGR
SRR13801051,178,0.740870498,0.227699855,0.232760133,Fungi,BOGR
SRR13801050,155,0.834521666,0.321351023,0.3264113,Fungi,BOGR
SRR13801049,153,0.785264226,0.272093583,0.27715386,Fungi,BOGR
SRR13801032,118,0.860561128,0.347390485,0.352450762,Fungi,BOGR
SRR13801242,127,0.942757627,0.429586984,0.434647262,Fungi,BOGR
SRR13801549,48,0.78376735,0.270596707,0.275656984,Fungi,BOGR
SRR13801545,42,0.904014561,0.390843918,0.395904195,Fungi,BOGR
SRR13801078,52,0.795006756,0.281836113,0.286896391,Fungi,BOGR
SRR13801030,115,0.853526743,0.359268495,0.364478619,Fungi,BUDA
SRR13801029,109,0.854910178,0.36065193,0.365862054,Fungi,BUDA
SRR13801028,79,0.826921822,0.332663574,0.337873698,Fungi,BUDA
SRR13801031,127,0.869724772,0.375466524,0.380676648,Fungi,BUDA
SRR13801027,89,0.859728672,0.365470424,0.370680548,Fungi,BUDA
SRR13801026,69,0.817186097,0.322927849,0.328137972,Fungi,BUDA
SRR13801025,118,0.900359892,0.406101643,0.411311767,Fungi,BUDA
SRR13801024,137,0.829949543,0.335691294,0.340901418,Fungi,BUDA
SRR13801022,167,0.850232984,0.355974736,0.36118486,Fungi,BUDA
SRR13801021,144,0.833525652,0.339267403,0.344477527,Fungi,BUDA
SRR13801020,165,0.968495587,0.474237339,0.479447463,Fungi,BUDA
SRR13801019,100,0.825625599,0.331367351,0.336577475,Fungi,BUDA
SRR13801193,86,0.97507492,0.480816671,0.486026795,Fungi,BUDA
SRR13801192,138,0.909047951,0.414789703,0.419999827,Fungi,BUDA
SRR13801191,142,0.848598506,0.354340258,0.359550382,Fungi,BUDA
SRR13801194,106,0.819456638,0.32519839,0.330408514,Fungi,BUDA
SRR13801190,89,0.85640223,0.362143982,0.367354106,Fungi,BUDA
SRR13801189,114,0.875610682,0.381352433,0.386562557,Fungi,BUDA
SRR13801188,58,0.975897068,0.481638819,0.486848943,Fungi,BUDA
SRR13801187,70,0.853347128,0.35908888,0.364299004,Fungi,BUDA
SRR13801184,99,0.826193571,0.331935323,0.337145447,Fungi,BUDA
SRR13801183,99,0.954359464,0.460101216,0.46531134,Fungi,BUDA
SRR13801182,108,0.837545244,0.343286996,0.34849712,Fungi,BUDA
SRR13801181,86,0.93459541,0.440337161,0.445547285,Fungi,BUDA
SRR13801365,66,0.831277546,0.337019298,0.342229422,Fungi,BUDA
SRR13801364,123,0.844690793,0.350432545,0.355642669,Fungi,BUDA
SRR13801366,129,0.854671403,0.360413155,0.365623279,Fungi,BUDA
SRR13801362,100,0.853251134,0.358992886,0.36420301,Fungi,BUDA
SRR13801361,143,0.868950163,0.374691915,0.379902039,Fungi,BUDA
SRR13801360,92,0.934400344,0.440142095,0.445352219,Fungi,BUDA
SRR13801358,99,0.946107541,0.451849293,0.457059417,Fungi,BUDA
SRR13801356,100,0.92324659,0.428988341,0.434198465,Fungi,BUDA
SRR13801355,115,0.935691143,0.441432895,0.446643019,Fungi,BUDA
SRR13801354,116,0.871932216,0.377673968,0.382884092,Fungi,BUDA
SRR13801472,185,0.793037376,0.298779128,0.303989251,Fungi,BUDA
SRR13801471,195,0.790937214,0.296678966,0.30188909,Fungi,BUDA
SRR13801470,174,0.822034886,0.327776638,0.332986762,Fungi,BUDA
SRR13801402,154,0.852170852,0.357912604,0.363122728,Fungi,BUDA
SRR13801469,180,0.763043992,0.268785743,0.273995867,Fungi,BUDA
SRR13801468,173,0.834659484,0.340401235,0.345611359,Fungi,BUDA
SRR13801466,193,0.814312381,0.320054132,0.325264256,Fungi,BUDA
SRR13801465,169,0.838310176,0.344051927,0.349262051,Fungi,BUDA
SRR13801464,189,0.875016366,0.380758118,0.385968242,Fungi,BUDA
SRR13801463,167,0.79977947,0.305521222,0.310731346,Fungi,BUDA
SRR13801461,187,0.789658677,0.295400428,0.300610552,Fungi,BUDA
SRR13801542,130,0.936122304,0.441864056,0.44707418,Fungi,BUDA
SRR13801541,95,0.826273911,0.332015663,0.337225787,Fungi,BUDA
SRR13801540,116,0.955961395,0.461703147,0.466913271,Fungi,BUDA
SRR13801543,128,0.925104046,0.430845797,0.436055921,Fungi,BUDA
SRR13801539,137,0.945649948,0.451391699,0.456601823,Fungi,BUDA
SRR13801538,172,0.94815228,0.453894032,0.459104156,Fungi,BUDA
SRR13801537,127,0.91701475,0.422756502,0.427966626,Fungi,BUDA
SRR13801535,164,0.926643455,0.432385207,0.437595331,Fungi,BUDA
SRR13801534,87,0.968398181,0.474139933,0.479350057,Fungi,BUDA
SRR13801533,114,0.963770446,0.469512197,0.474722321,Fungi,BUDA
SRR13801532,87,0.963922073,0.469663825,0.474873949,Fungi,BUDA
SRR13801531,96,0.916481957,0.422223708,0.427433832,Fungi,BUDA
SRR13801143,143,0.826822143,0.332563894,0.337774018,Fungi,BUDA
SRR13801142,130,0.86940145,0.375143202,0.380353326,Fungi,BUDA
SRR13801141,138,0.89418197,0.399923721,0.405133845,Fungi,BUDA
SRR13801144,114,0.941458895,0.447200647,0.452410771,Fungi,BUDA
SRR13801140,125,0.908674486,0.414416238,0.419626362,Fungi,BUDA
SRR13801139,140,0.945338149,0.451079901,0.456290025,Fungi,BUDA
SRR13801138,149,0.915868491,0.421610243,0.426820367,Fungi,BUDA
SRR13801136,123,0.963672648,0.469414399,0.474624523,Fungi,BUDA
SRR13801134,162,0.974235251,0.479977003,0.485187127,Fungi,BUDA
SRR13801133,134,0.954265074,0.460006825,0.465216949,Fungi,BUDA
SRR13801132,158,0.89681204,0.402553791,0.407763915,Fungi,BUDA
SRR13800991,180,0.844809928,0.35055168,0.355761804,Fungi,BUDA
SRR13800990,219,0.836426729,0.342168481,0.347378604,Fungi,BUDA
SRR13800989,187,0.842677795,0.348419546,0.35362967,Fungi,BUDA
SRR13800992,171,0.77929096,0.285032711,0.290242835,Fungi,BUDA
SRR13800988,196,0.764388334,0.270130086,0.27534021,Fungi,BUDA
SRR13800987,154,0.817865825,0.323607577,0.3288177,Fungi,BUDA
SRR13800986,214,0.764275904,0.270017655,0.275227779,Fungi,BUDA
SRR13800984,163,0.828599029,0.33434078,0.339550904,Fungi,BUDA
SRR13801271,197,0.842497816,0.348239567,0.353449691,Fungi,BUDA
SRR13801270,225,0.81100819,0.316749942,0.321960065,Fungi,BUDA
SRR13801269,186,0.849320623,0.355062375,0.360272499,Fungi,BUDA
SRR13801268,187,0.817343805,0.323085556,0.32829568,Fungi,BUDA
SRR13801311,178,0.86309583,0.25509995,0.268682107,Fungi,SCSC
SRR13801300,195,0.883359722,0.275363841,0.288945999,Fungi,SCSC
SRR13801289,165,0.868775482,0.260779601,0.274361758,Fungi,SCSC
SRR13801322,124,0.915494034,0.307498153,0.32108031,Fungi,SCSC
SRR13801278,198,0.843067722,0.235071841,0.248653998,Fungi,SCSC
SRR13801219,128,0.897002594,0.289006713,0.302588871,Fungi,SCSC
SRR13801208,169,0.874617913,0.266622032,0.28020419,Fungi,SCSC
SRR13801197,178,0.898976005,0.290980124,0.304562281,Fungi,SCSC
SRR13801185,136,0.910241169,0.302245288,0.315827445,Fungi,SCSC
SRR13801126,126,0.951821315,0.343825434,0.357407591,Fungi,SCSC
SRR13801115,175,0.885849074,0.277853193,0.29143535,Fungi,SCSC
SRR13801016,126,0.954541239,0.346545358,0.360127515,Fungi,SCSC
SRR13801015,159,0.901267893,0.293272012,0.306854169,Fungi,SCSC
SRR13801018,113,0.951464792,0.343468911,0.357051068,Fungi,SCSC
SRR13801014,116,0.962939534,0.354943653,0.368525811,Fungi,SCSC
SRR13801013,155,0.927186678,0.319190797,0.332772955,Fungi,SCSC
SRR13801011,119,0.940665977,0.332670096,0.346252254,Fungi,SCSC
SRR13801010,172,0.911696371,0.30370049,0.317282647,Fungi,SCSC
SRR13801009,173,0.880941394,0.272945513,0.286527671,Fungi,SCSC
SRR13801008,125,0.927740376,0.319744495,0.333326652,Fungi,SCSC
SRR13801349,161,0.920169329,0.312173448,0.325755605,Fungi,SCSC
SRR13801320,194,0.825544277,0.217548396,0.231130554,Fungi,SCSC
SRR13801319,165,0.892618157,0.284622276,0.298204433,Fungi,SCSC
SRR13801318,158,0.854954332,0.246958451,0.260540608,Fungi,SCSC
SRR13801321,194,0.811075035,0.203079154,0.216661311,Fungi,SCSC
SRR13801317,207,0.845494227,0.237498346,0.251080503,Fungi,SCSC
SRR13801316,206,0.794676014,0.186680133,0.200262291,Fungi,SCSC
SRR13801315,176,0.79621346,0.188217579,0.201799736,Fungi,SCSC
SRR13801314,175,0.853950732,0.245954851,0.259537009,Fungi,SCSC
SRR13801313,185,0.861578055,0.253582174,0.267164331,Fungi,SCSC
SRR13801312,164,0.845381778,0.237385897,0.250968054,Fungi,SCSC
SRR13801310,173,0.871257944,0.263262063,0.276844221,Fungi,SCSC
SRR13801309,157,0.822508506,0.214512625,0.228094782,Fungi,SCSC
SRR13801220,100,0.959461587,0.351465706,0.365047863,Fungi,SCSC
SRR13801217,72,0.968357075,0.360361194,0.373943351,Fungi,SCSC
SRR13801221,97,0.972920706,0.364924825,0.378506982,Fungi,SCSC
SRR13801216,70,0.943788594,0.335792713,0.34937487,Fungi,SCSC
SRR13801215,90,0.966589312,0.358593431,0.372175588,Fungi,SCSC
SRR13801214,95,0.982597729,0.374601848,0.388184005,Fungi,SCSC
SRR13801213,103,0.971256598,0.363260717,0.376842874,Fungi,SCSC
SRR13801212,167,0.954068322,0.346072441,0.359654598,Fungi,SCSC
SRR13801211,98,0.944831916,0.336836035,0.350418193,Fungi,SCSC
SRR13801210,103,0.974346304,0.366350423,0.37993258,Fungi,SCSC
SRR13801179,104,0.933830413,0.325834532,0.339416689,Fungi,SCSC
SRR13801178,96,0.92576707,0.317771189,0.331353347,Fungi,SCSC
SRR13801177,114,0.944807633,0.336811752,0.35039391,Fungi,SCSC
SRR13801176,156,0.911392407,0.303396526,0.316978684,Fungi,SCSC
SRR13801127,123,0.965585115,0.357589234,0.371171391,Fungi,SCSC
SRR13801125,153,0.941192173,0.333196292,0.346778449,Fungi,SCSC
SRR13801124,195,0.928594993,0.320599112,0.334181269,Fungi,SCSC
SRR13801123,183,0.944207145,0.336211264,0.349793421,Fungi,SCSC
SRR13801122,146,0.934662759,0.326666878,0.340249035,Fungi,SCSC
SRR13801121,131,0.942551056,0.334555175,0.348137332,Fungi,SCSC
SRR13801120,144,0.908623989,0.300628108,0.314210265,Fungi,SCSC
SRR13801074,182,0.889985855,0.281989974,0.295572131,Fungi,SCSC
SRR13801073,176,0.88622693,0.278231049,0.291813206,Fungi,SCSC
SRR13801075,227,0.897927021,0.28993114,0.303513297,Fungi,SCSC
SRR13801071,141,0.914655974,0.306660093,0.32024225,Fungi,SCSC
SRR13801069,128,0.937532454,0.329536573,0.34311873,Fungi,SCSC
SRR13801068,168,0.897629459,0.289633578,0.303215736,Fungi,SCSC
SRR13801067,140,0.902689861,0.29469398,0.308276137,Fungi,SCSC
SRR13801066,184,0.853478862,0.245482981,0.259065138,Fungi,SCSC
SRR13801065,198,0.90022088,0.292224999,0.305807157,Fungi,SCSC
SRR13801064,234,0.846532125,0.238536244,0.252118401,Fungi,SCSC
SRR13801576,64,0.948688458,0.340692577,0.354274735,Fungi,SCSC
SRR13801574,47,0.945417839,0.337421958,0.351004115,Fungi,SCSC
SRR13801572,79,0.938210452,0.330214571,0.343796728,Fungi,SCSC
SRR13801569,92,0.917078215,0.309082334,0.322664491,Fungi,SCSC
SRR13801175,82,0.947804271,0.33980839,0.353390548,Fungi,SCSC
SRR13801174,69,0.969946217,0.361950336,0.375532493,Fungi,SCSC
SRR13801173,71,0.96649964,0.358503759,0.372085916,Fungi,SCSC
SRR13801352,172,0.938417997,0.330422116,0.344004273,Fungi,SCSC
SRR13801351,167,0.950810391,0.34281451,0.356396668,Fungi,SCSC
SRR13801353,123,0.950704681,0.3427088,0.356290957,Fungi,SCSC
SRR13801424,175,0.944027297,0.336031416,0.349613573,Fungi,SCSC
SRR13801422,177,0.92803072,0.320034839,0.333616996,Fungi,SCSC
SRR13801421,175,0.936066401,0.32807052,0.341652677,Fungi,SCSC
SRR13801420,139,0.94768632,0.339690439,0.353272597,Fungi,SCSC
SRR13801419,136,0.959053874,0.351057994,0.364640151,Fungi,SCSC
SRR13801418,108,0.928343639,0.320347758,0.333929915,Fungi,SCSC
SRR13801417,102,0.948863442,0.340867561,0.354449719,Fungi,SCSC
SRR13801416,172,0.924596606,0.316600726,0.330182883,Fungi,SCSC
SRR13801529,82,0.894108257,0.286112376,0.299694533,Fungi,SCSC
SRR13801528,118,0.89061137,0.282615489,0.296197647,Fungi,SCSC
SRR13801527,105,0.907410464,0.299414583,0.31299674,Fungi,SCSC
SRR13801530,89,0.932761479,0.324765598,0.338347756,Fungi,SCSC
SRR13801526,115,0.968026124,0.360030243,0.373612401,Fungi,SCSC
SRR13801522,116,0.939313406,0.331317525,0.344899682,Fungi,SCSC
SRR13801521,91,0.969099524,0.361103643,0.374685801,Fungi,SCSC
SRR13800958,126,0.935242131,0.32724625,0.340828407,Fungi,SCSC
SRR13800956,92,0.96616023,0.358164349,0.371746507,Fungi,SCSC
SRR13801130,113,0.943231234,0.335235353,0.34881751,Fungi,SCSC
SRR13801129,134,0.948137672,0.340141791,0.353723948,Fungi,SCSC
SRR13801128,134,0.937585518,0.329589637,0.343171795,Fungi,SCSC
SRR13801131,105,0.911662807,0.303666926,0.317249083,Fungi,SCSC
SRR13801397,129,0.94004232,0.332046439,0.345628596,Fungi,SCSC
SRR13801396,209,0.949137545,0.341141664,0.354723822,Fungi,SCSC
SRR13801395,118,0.941041656,0.333045775,0.346627932,Fungi,SCSC
SRR13801393,143,0.937567299,0.329571418,0.343153575,Fungi,SCSC
SRR13801392,120,0.961295982,0.353300101,0.366882258,Fungi,SCSC
SRR13801391,104,0.970589376,0.362593495,0.376175652,Fungi,SCSC
SRR13801390,122,0.958381163,0.350385282,0.363967439,Fungi,SCSC
SRR13801389,122,0.963700554,0.355704673,0.369286831,Fungi,SCSC
SRR13801435,114,0.939572242,0.331576361,0.345158518,Fungi,SCSC
SRR13801434,95,0.91351995,0.305524069,0.319106226,Fungi,SCSC
SRR13801433,102,0.935552114,0.327556233,0.34113839,Fungi,SCSC
SRR13801437,89,0.942151635,0.334155754,0.347737911,Fungi,SCSC
SRR13801432,104,0.912062395,0.304066514,0.317648671,Fungi,SCSC
SRR13801431,104,0.899909307,0.291913426,0.305495583,Fungi,SCSC
SRR13801430,118,0.888329314,0.280333433,0.293915591,Fungi,SCSC
SRR13801429,111,0.917688103,0.309692222,0.32327438,Fungi,SCSC
SRR13801428,78,0.882761576,0.274765695,0.288347852,Fungi,SCSC
SRR13801427,66,0.895712234,0.287716353,0.30129851,Fungi,SCSC
SRR13801426,68,0.9134772,0.305481319,0.319063476,Fungi,SCSC
SRR13801007,52,0.924242017,0.316246136,0.329828293,Fungi,SCSC
SRR13801266,266,0.826508792,0.218512911,0.232095068,Fungi,SCSC
SRR13801265,241,0.798237795,0.190241914,0.203824071,Fungi,SCSC
SRR13801264,296,0.820478463,0.212482582,0.22606474,Fungi,SCSC
SRR13801267,225,0.788951998,0.180956117,0.194538274,Fungi,SCSC
SRR13801263,185,0.87608407,0.268088189,0.281670347,Fungi,SCSC
SRR13801261,214,0.879464761,0.27146888,0.285051037,Fungi,SCSC
SRR13801260,241,0.838754464,0.230758583,0.244340741,Fungi,SCSC
SRR13801259,254,0.811398521,0.20340264,0.216984797,Fungi,SCSC
SRR13801258,221,0.837637714,0.229641833,0.24322399,Fungi,SCSC
SRR13801257,263,0.83093924,0.222943359,0.236525516,Fungi,SCSC
SRR13801256,226,0.84030012,0.232304239,0.245886396,Fungi,SCSC
SRR13801097,231,0.834343324,0.226347444,0.239929601,Fungi,SCSC
SRR13801095,219,0.828576238,0.220580357,0.234162514,Fungi,SCSC
SRR13801098,237,0.809736673,0.201740792,0.21532295,Fungi,SCSC
SRR13801093,191,0.822278597,0.214282716,0.227864873,Fungi,SCSC
SRR13801092,201,0.858074647,0.250078766,0.263660923,Fungi,SCSC
SRR13801091,251,0.889854377,0.281858496,0.295440653,Fungi,SCSC
SRR13801090,211,0.847787727,0.239791846,0.253374004,Fungi,SCSC
SRR13801089,205,0.830605453,0.222609572,0.236191729,Fungi,SCSC
SRR13801088,237,0.826155135,0.218159254,0.231741412,Fungi,SCSC
SRR13801087,211,0.813238387,0.205242507,0.218824664,Fungi,SCSC
SRR13801511,170,0.868639378,0.260643497,0.274225655,Fungi,SCSC
SRR13801510,177,0.923236152,0.315240271,0.328822428,Fungi,SCSC
SRR13801509,197,0.89526814,0.287272259,0.300854416,Fungi,SCSC
SRR13801512,186,0.830394238,0.222398357,0.235980514,Fungi,SCSC
SRR13801508,191,0.828385421,0.22038954,0.233971697,Fungi,SCSC
SRR13801507,205,0.86081627,0.252820389,0.266402547,Fungi,SCSC
SRR13801506,208,0.857977939,0.249982058,0.263564215,Fungi,SCSC
SRR13801505,192,0.8244917,0.216495819,0.230077976,Fungi,SCSC
SRR13801503,199,0.931517388,0.323521507,0.337103665,Fungi,SCSC
SRR13801502,198,0.860435434,0.252439553,0.26602171,Fungi,SCSC
SRR13801501,154,0.888561493,0.280565612,0.29414777,Fungi,SCSC
SRR13801500,211,0.874469713,0.266473832,0.280055989,Fungi,SCSC
SRR13801224,95,0.95280511,0.344809229,0.358391386,Fungi,SCSC
SRR13801567,91,0.948040233,0.340044352,0.35362651,Fungi,SCSC
SRR13801488,183,0.794153295,0.186157415,0.199739572,Fungi,SCSC
SRR13801487,194,0.796967166,0.188971285,0.202553442,Fungi,SCSC
SRR13801486,196,0.793095524,0.185099643,0.198681801,Fungi,SCSC
SRR13801490,207,0.791451506,0.183455625,0.197037782,Fungi,SCSC
SRR13801485,223,0.799111479,0.191115598,0.204697755,Fungi,SCSC
SRR13801484,201,0.791150266,0.183154385,0.196736542,Fungi,SCSC
SRR13801483,209,0.83190064,0.223904759,0.237486916,Fungi,SCSC
SRR13801481,179,0.794294827,0.186298946,0.199881103,Fungi,SCSC
SRR13801480,227,0.794703178,0.186707297,0.200289454,Fungi,SCSC
SRR13801479,174,0.781761511,0.17376563,0.187347788,Fungi,SCSC
SRR13801477,187,0.785575391,0.17757951,0.191161667,Fungi,SCSC