rich_current_bac_names,sobs,chao,shannonH,simpson_inv,simpsonD,simpsoneven,shannoneven,rich_current_bac_names
X1351_1335,945,1474.035971,5.440522929,0.987364814,0.012635186,0.083750333,0.794099559,X1351_1335
X1351_1339,1038,1719.652174,5.406865819,0.987051938,0.012948062,0.074404271,0.778520672,X1351_1339
X1351_1348,1050,1695.034091,5.318941388,0.98128815,0.01871185,0.05089721,0.764595219,X1351_1348
X1351_1350,1462,2309.053763,5.705865587,0.983175276,0.016824724,0.04065413,0.782959603,X1351_1350
X1351_1375,1019,1593.360465,5.38582966,0.985020333,0.014979667,0.065512421,0.777560061,X1351_1375
X1351_1432,890,1390.985401,5.31935655,0.987757332,0.012242668,0.091777012,0.783269487,X1351_1432
X1351_1442,1033,1890.269737,5.001013475,0.968057041,0.031942959,0.030305715,0.72058403,X1351_1442
X1351_1443,1234,2105.725,5.624755063,0.987379301,0.012620699,0.064209816,0.79021386,X1351_1443
X1351_1444,1299,2271.439614,5.42086934,0.972918504,0.027081496,0.02842616,0.756117267,X1351_1444
X1351_1445,1063,1899.263473,5.278406246,0.983502932,0.016497068,0.0570243,0.757428551,X1351_1445
X1351_1446,1074,1818.210526,5.367945297,0.983040128,0.016959872,0.054900103,0.769140788,X1351_1446
X1351_1447,872,1561.535433,4.625876011,0.941935549,0.058064451,0.019750277,0.683210734,X1351_1447
X1351_1448,1248,1968.950226,5.573905496,0.983410171,0.016589829,0.048299596,0.781830953,X1351_1448
X1351_1449,1004,1691.133758,5.132187055,0.978111507,0.021888493,0.04550409,0.742531061,X1351_1449
X1351_1450,883,1605.326087,4.520452547,0.95240005,0.04759995,0.023792101,0.66640658,X1351_1450
X1351_1451,1127,1852.591954,5.687440309,0.991080384,0.008919616,0.099478659,0.809333394,X1351_1451
X1351_1452,1320,2233.55,5.911025165,0.99274373,0.00725627,0.104402918,0.822645343,X1351_1452
X1351_1453,1080,1987.468354,5.001178136,0.967741722,0.032258278,0.028703514,0.716017359,X1351_1453
X1351_1454,1337,2133.194805,5.914147006,0.992147978,0.007852022,0.09525485,0.821616585,X1351_1454
X1351_1455,1244,2019.504902,5.598025903,0.981481367,0.018518633,0.043408093,0.785567969,X1351_1455
X1351_1456,1218,2181.232044,5.539439781,0.985235342,0.014764658,0.05560698,0.779657526,X1351_1456
X1351_1457,1380,2277.404348,5.934562677,0.992332181,0.007667819,0.094503754,0.820843017,X1351_1457
X1351_1458,1436,2319.117409,5.821546149,0.98529395,0.01470605,0.047353219,0.800805097,X1351_1458
X1351_1459,1235,2120.166667,5.652247392,0.984907979,0.015092021,0.053651965,0.793985861,X1351_1459
X1351_1460,1238,2186.8,5.753886542,0.990935098,0.009064902,0.08910791,0.807988002,X1351_1460
X1351_1461,1208,1916.5,5.744738119,0.991342054,0.008657946,0.09561328,0.80949185,X1351_1461
X1351_1462,1360,2359.004484,5.70067898,0.986547579,0.013452421,0.054658868,0.790088618,X1351_1462
X1351_1463,1357,2323.07109,5.923589486,0.992606115,0.007393885,0.099666105,0.821234367,X1351_1463
X1351_1464,1162,1908.2,5.618419816,0.989748016,0.010251984,0.083943287,0.796047189,X1351_1464
X1351_1465,1279,1995.275862,5.717823241,0.98896066,0.01103934,0.070824959,0.799266994,X1351_1465
X1351_1466,811,1304.282443,4.770828542,0.960592407,0.039407593,0.031289544,0.712248077,X1351_1466
X1351_1467,858,1476.604651,4.770065451,0.964846245,0.035153755,0.033154386,0.706194676,X1351_1467
X1351_1468,1093,1920.735294,5.429762443,0.987090098,0.012909902,0.070869093,0.776048253,X1351_1468
X1351_1469,832,1456.111111,4.292203917,0.937775547,0.062224453,0.019315928,0.638356764,X1351_1469
X1351_1470,813,1337.069444,4.964924421,0.982253456,0.017746544,0.069309961,0.740952642,X1351_1470
X1351_1471,1051,1631.723757,5.357782233,0.984801341,0.015198659,0.06260255,0.770073195,X1351_1471
X1351_1472,994,1842.097902,5.00309225,0.976797023,0.023202977,0.043358066,0.724903325,X1351_1472
X1351_1473,1248,2086.980488,5.582246391,0.985049136,0.014950864,0.053594363,0.783000899,X1351_1473
X1351_1474,1012,1596.556213,5.311263556,0.983312548,0.016687452,0.059214691,0.767558702,X1351_1474
X1351_1475,1098,1833.874286,5.387017027,0.98523947,0.01476053,0.0617015,0.769436943,X1351_1475
X1351_1476,888,1601.38843,5.274707446,0.986687319,0.013312681,0.084590483,0.776952335,X1351_1476
X1351_1478,920,1468.306122,5.295898753,0.984585282,0.015414718,0.0705142,0.776027077,X1351_1478
X1351_1479,742,1217.774194,4.578872138,0.967638529,0.032361471,0.041645477,0.692787137,X1351_1479
X1351_1480,964,1750.419118,5.04180835,0.972551222,0.027448778,0.037792007,0.733771119,X1351_1480
X1351_1481,846,1443.528,5.052930961,0.982624035,0.017375965,0.068026905,0.749635257,X1351_1481
X1351_1482,1052,1679.686747,5.229155784,0.96939361,0.03060639,0.031057905,0.751483016,X1351_1482
X1351_1483,858,1438.95082,5.117376967,0.982291957,0.017708043,0.065817617,0.757613162,X1351_1483
X1351_1484,828,1395.231405,5.049572016,0.980757578,0.019242422,0.0627639,0.751534772,X1351_1484
X1351_1485,923,1756.568,4.984216926,0.975149751,0.024850249,0.0435981,0.730006969,X1351_1485
X1351_1486,1043,1802,5.39527053,0.984663312,0.015336688,0.06251498,0.776313952,X1351_1486
X1351_1487,1057,1733.761628,5.131040737,0.971778645,0.028221355,0.03352333,0.736880761,X1351_1487
X1351_1488,1005,1681.917722,5.247848161,0.979012073,0.020987927,0.047409393,0.759155707,X1351_1488
X1351_1489,1100,1723.4689,5.240714486,0.976926991,0.023073009,0.039400621,0.74834578,X1351_1489
X1351_1490,855,1368.911111,5.135825759,0.985111286,0.014888714,0.078555517,0.760738938,X1351_1490
X1351_1491,885,1485.734266,5.16069248,0.9847999,0.0152001,0.0743379,0.760537296,X1351_1491
X1351_1492,832,1262.680851,4.862371451,0.971304458,0.028695542,0.041885358,0.723154762,X1351_1492
X1351_1493,1081,1733.978723,5.366829613,0.98180382,0.01819618,0.050838659,0.768265788,X1351_1493
X1351_1494,992,1655.425806,5.162592369,0.975556024,0.024443976,0.041239793,0.748231819,X1351_1494
X1351_1495,798,1449.75,4.408251284,0.96194019,0.03805981,0.032925357,0.659709614,X1351_1495
X1351_1496,823,1364.428571,4.855461978,0.974568878,0.025431122,0.047778734,0.723297134,X1351_1496
X1351_1497,964,1507.230769,5.161111932,0.980039187,0.019960813,0.051969045,0.751134239,X1351_1497
X1351_1498,1094,1697.124352,5.454706742,0.987044316,0.012955684,0.07055411,0.779511529,X1351_1498
X1351_1499,809,1373.666667,4.971816058,0.980534042,0.019465958,0.06350029,0.742527683,X1351_1499
X1351_1500,1024,1583.445714,5.360526179,0.983057987,0.016942013,0.057641467,0.773360453,X1351_1500
X1351_1501,1057,1652.756757,5.392387268,0.987824343,0.012175657,0.077702076,0.774413348,X1351_1501
X1351_1502,1100,1766.684211,5.522367053,0.984594541,0.015405459,0.059010958,0.788564249,X1351_1502
X1351_1503,910,1408.272727,5.31003545,0.98594611,0.01405389,0.078191955,0.779346683,X1351_1503
X1351_1504,1176,1920.218274,5.569345308,0.988577474,0.011422526,0.07444414,0.78775735,X1351_1504
X1351_1505,926,1507.068966,5.150855231,0.981108491,0.018891509,0.057163968,0.754055053,X1351_1505
X1351_1506,983,1618.106667,5.459212534,0.989040644,0.010959356,0.092824247,0.792268497,X1351_1506
X1351_1507,937,1560.209459,5.155154639,0.984079897,0.015920103,0.067036994,0.753382033,X1351_1507
X1351_1508,772,1200.04878,4.985376773,0.983555945,0.016444055,0.078772346,0.749795211,X1351_1508
X1351_1509,1038,1635.147541,5.038861344,0.967822634,0.032177366,0.029940025,0.725532656,X1351_1509
X1351_1510,862,1666.081081,4.819114126,0.973292284,0.026707716,0.043436616,0.71296525,X1351_1510
X1351_1511,896,1393.205298,5.114844446,0.980225735,0.019774265,0.056440602,0.752410897,X1351_1511
X1351_1512,1182,1858.107692,5.716252345,0.990388329,0.009611671,0.088020456,0.807955064,X1351_1512
X1351_1513,970,1705,5.279974313,0.982664321,0.017335679,0.059468557,0.767739859,X1351_1513
X1351_1514,1128,1973.415094,5.618554307,0.989575491,0.010424509,0.08504236,0.799429891,X1351_1514
X1351_1515,1122,2078.387097,5.389656394,0.982777505,0.017222495,0.051750086,0.767443775,X1351_1515
X1351_1516,1167,1996.223301,5.220239209,0.970757664,0.029242336,0.029303337,0.739181189,X1351_1516
X1351_1517,1283,1969.677686,5.725312354,0.989836918,0.010163082,0.076691617,0.799964686,X1351_1517
X1351_1518,1336,2203.650862,5.746902776,0.987554513,0.012445487,0.060142525,0.798465355,X1351_1518
X1351_1519,1340,2304.513889,5.716883736,0.987697478,0.012302522,0.060659811,0.793964776,X1351_1519
X1351_1520,953,1660.52518,5.092679715,0.97583008,0.02416992,0.043414209,0.742414813,X1351_1520
X1351_1521,1200,2026.583333,5.568292801,0.982452268,0.017547732,0.047489517,0.785364239,X1351_1521
X1351_1522,1185,1959.23,5.389063652,0.978572991,0.021427009,0.039384026,0.761436261,X1351_1522
X1351_1523,1382,2264.283186,5.881209497,0.990193865,0.009806135,0.073789421,0.813300522,X1351_1523
X1351_1524,1072,1969.77027,5.416486213,0.984869306,0.015130694,0.061651886,0.776303255,X1351_1524
X1351_1525,1140,1873.887097,5.49401133,0.984756781,0.015243219,0.05754644,0.780534207,X1351_1525
X1351_1526,916,1412.864865,5.112371396,0.975407269,0.024592731,0.04439129,0.749612775,X1351_1526
X1351_1527,1125,1716.255319,5.50498704,0.986182423,0.013817577,0.064330299,0.783568005,X1351_1527
X1351_1528,417,825.6923077,2.177070536,0.602230168,0.397769832,0.006028817,0.3608552,X1351_1528
X1351_1529,1043,1700.267442,4.903984311,0.956048999,0.043951001,0.021814583,0.705623827,X1351_1529
X1351_1530,1109,1732.769231,5.486048803,0.981921866,0.018078134,0.049878669,0.782467746,X1351_1530
X1351_1531,1205,1959.630769,5.567055405,0.980876503,0.019123497,0.043395595,0.784729506,X1351_1531
X1351_1532,1140,1886.460674,5.612359018,0.988557392,0.011442608,0.076660234,0.797347863,X1351_1532
X1351_1533,989,1768.632353,5.314390347,0.9845095,0.0154905,0.065273705,0.770570666,X1351_1533
X1351_1534,947,1470.265896,5.238365462,0.98454529,0.01545471,0.068326497,0.764356756,X1351_1534
X1351_1535,873,1449.543624,4.542643239,0.951918753,0.048081247,0.023823745,0.670804263,X1351_1535
X1351_1538,1066,1735.789474,4.556883456,0.900147929,0.099852071,0.009394761,0.65362881,X1351_1538
X1351_1539,1095,1569.951923,5.583570975,0.988391732,0.011608268,0.078671685,0.79782286,X1351_1539
X1351_1540,1337,2180.113445,5.776506324,0.990021731,0.009978269,0.074957205,0.802494999,X1351_1540
X1351_1542,1284,2062.230769,5.561928812,0.984418376,0.015581624,0.049982991,0.77705146,X1351_1542
X1351_1543,1375,2227.983673,5.819347774,0.989714498,0.010285502,0.070708533,0.8053113,X1351_1543
X1351_1544,1124,1907.735135,5.357414283,0.984097487,0.015902513,0.055945855,0.762659353,X1351_1544
X1351_1545,1368,2216.445378,5.839957152,0.990394216,0.009605784,0.076099378,0.808734546,X1351_1545
X1351_1546,1228,2153.587302,5.511915957,0.986351698,0.013648302,0.059665464,0.774891865,X1351_1546
X1351_1547,1227,2042.763547,5.550819683,0.985599057,0.014400943,0.056593232,0.780450524,X1351_1547
X1351_1548,1359,2365.990654,5.727419789,0.98915075,0.01084925,0.067823598,0.793875707,X1351_1548
X1351_1549,1184,1867.082524,5.583330115,0.987925289,0.012074711,0.069947393,0.788978839,X1351_1549
X1351_1550,1359,2281.060086,5.783374298,0.991082851,0.008917149,0.082519111,0.801631542,X1351_1550
X1351_1551,1289,1997.754386,5.741405686,0.989475719,0.010524281,0.073714791,0.80169069,X1351_1551
X1351_1552,1138,1982.697802,4.938410487,0.948629585,0.051370415,0.01710585,0.701775062,X1351_1552
X1351_1554,1564,2612.622642,6.080532605,0.993196957,0.006803043,0.09398532,0.826720737,X1351_1554
X1351_1555,1459,2468.058577,5.968914357,0.991683636,0.008316364,0.082415938,0.819286115,X1351_1555
X1351_1556,1437,2511.154506,5.880379105,0.990681001,0.009318999,0.074674783,0.808820638,X1351_1556
X1351_1557,1485,2464.404959,6.006477236,0.992859797,0.007140203,0.094311143,0.82244795,X1351_1557
X1351_1558,1346,2077.366667,5.940024135,0.992970563,0.007029437,0.105690126,0.82444313,X1351_1558
X1351_1559,1340,2097.735043,5.824962255,0.990335609,0.009664391,0.077218381,0.808974795,X1351_1559
X1351_1560,1437,2387.041152,5.880975233,0.990072497,0.009927503,0.070097607,0.808902633,X1351_1560
X1351_1561,1485,2660.689189,5.950471808,0.991349384,0.008650616,0.077844241,0.814779304,X1351_1561
X1351_1562,1249,2043.926471,5.701346261,0.989788277,0.010211723,0.078404059,0.799616759,X1351_1562
X1351_1563,1365,2211.730769,5.795849226,0.990162717,0.009837283,0.074471857,0.802870442,X1351_1563
X1351_1564,1535,2435.937037,6.133679927,0.991834247,0.008165753,0.07978025,0.836074304,X1351_1564
X1351_1565,1475,2374.14,6.091286733,0.992899423,0.007100577,0.095480423,0.834833021,X1351_1565
X1351_1566,1488,2482.300781,5.88468935,0.989282648,0.010717352,0.062706068,0.805549313,X1351_1566
X1351_1567,1085,1714.816754,5.286695024,0.981447239,0.018552761,0.049677726,0.756394539,X1351_1567
X1351_1568,1294,2164.561644,5.641829608,0.988115623,0.011884377,0.06502634,0.78736093,X1351_1568
X1351_1569,1486,2514.631148,6.03183392,0.992660863,0.007339137,0.091693006,0.825843838,X1351_1569
X1351_1570,1594,2761.135849,6.078897959,0.991342225,0.008657775,0.072461182,0.824368921,X1351_1570
X1351_1571,1481,2357.895161,6.146086141,0.99423416,0.00576584,0.117106868,0.841875081,X1351_1571
X1351_1572,1561,2671.177866,6.095263507,0.993020669,0.006979331,0.091787455,0.82893997,X1351_1572
X1351_1573,1536,2420.789668,6.14061283,0.993666332,0.006333668,0.102790619,0.836945022,X1351_1573
X1351_1574,1418,2438.30137,5.983281378,0.991926568,0.008073432,0.087350542,0.824483829,X1351_1574
X1351_1575,1510,2522.464,5.962155741,0.989685256,0.010314744,0.064204369,0.81451718,X1351_1575
X1351_1576,587,1057.60241,3.883848442,0.916741618,0.083258382,0.020461333,0.609228756,X1351_1576
X1351_1577,772,1500.079208,4.24413487,0.929572611,0.070427389,0.018392515,0.63831324,X1351_1577
X1351_1578,856,1441.104167,4.468025775,0.925320752,0.074679248,0.015643225,0.661707178,X1351_1578
X1351_1579,742,1354.558824,4.43696982,0.95278624,0.04721376,0.028544833,0.671317199,X1351_1579
X1351_1580,825,1419.44,4.449015633,0.942043579,0.057956421,0.020914356,0.66251104,X1351_1580
X1351_1581,708,1049.736842,4.500049568,0.958430247,0.041569753,0.033977334,0.685727681,X1351_1581
X1351_1582,999,1686.455172,5.42675675,0.9846756,0.0153244,0.06532073,0.785717305,X1351_1582
X1351_1583,710,1226.12766,4.521767272,0.954136979,0.045863021,0.030709942,0.688741017,X1351_1583
X1351_1584,785,1247.022059,4.665171834,0.952242158,0.047757842,0.026673847,0.699878967,X1351_1584
X1351_1585,939,1704.106383,4.879064317,0.964448035,0.035551965,0.029955101,0.712811665,X1351_1585
X1351_1586,836,1462.5625,4.864669222,0.972500701,0.027499299,0.043498281,0.722980789,X1351_1586
X1351_1587,947,1645.123288,5.213980264,0.981555024,0.018444976,0.057249531,0.760798587,X1351_1587
X1351_1588,735,1172.809917,4.618515364,0.96313206,0.03686794,0.03690318,0.699788786,X1351_1588
X1351_1589,889,1478.507692,5.159307849,0.98282617,0.01717383,0.065498458,0.759828272,X1351_1589
X1351_1590,971,1552.290323,5.2573999,0.979353044,0.020646956,0.049879803,0.764342885,X1351_1590
X1351_1591,478,798.2051282,4.027409499,0.95384973,0.04615027,0.045331267,0.652781784,X1351_1591
X1351_1592,850,1473.68595,4.928822521,0.96568427,0.03431573,0.034283711,0.730711611,X1351_1592
X1351_1593,520,933.880597,4.03402361,0.938813581,0.061186419,0.0314298,0.645048614,X1351_1593
X1351_1594,731,1170.57377,4.58951571,0.96196589,0.03803411,0.035967427,0.695970269,X1351_1594
X1351_1595,571,848.5111111,4.378501094,0.953609412,0.046390588,0.037751483,0.689811346,X1351_1595
X1351_1596,634,1047.676471,3.772809262,0.889566506,0.110433494,0.014282687,0.584745914,X1351_1596
X1351_1597,904,1478.410596,4.949319165,0.969756568,0.030243432,0.036576361,0.727110803,X1351_1597
X1351_1598,821,1253,5.040307476,0.980981259,0.019018741,0.064043504,0.751105002,X1351_1598
X1351_1600,647,1061.010753,4.495549271,0.962718068,0.037281932,0.041456946,0.694577989,X1351_1600
X1351_1601,682,1102.292453,4.628610143,0.971605876,0.028394124,0.051640109,0.709362315,X1351_1601
X1351_1602,825,1232.959459,4.890518728,0.973873427,0.026126573,0.04639419,0.728256072,X1351_1602
X1351_1603,690,1100.224138,4.382540525,0.954233185,0.045766815,0.031666511,0.670452393,X1351_1603
X1351_1604,590,1031.301075,4.265851251,0.960658783,0.039341217,0.043082431,0.668615881,X1351_1604
X1351_1605,743,1200.353982,4.854059215,0.976544318,0.023455682,0.05738034,0.734273544,X1351_1605
X1351_1606,797,1416.940678,4.643121244,0.964297643,0.035702357,0.035143482,0.694989109,X1351_1606
X1351_1607,678,1077.558824,4.625790451,0.965502657,0.034497343,0.042754778,0.709569864,X1351_1607
X1351_1608,765,1167.656716,4.722042607,0.967366867,0.032633133,0.040057126,0.711164294,X1351_1608
X1351_1609,795,1286.4,4.817580354,0.970597964,0.029402036,0.042781447,0.721373699,X1351_1609
X1351_1610,693,1155.057143,4.492642386,0.963645287,0.036354713,0.03969228,0.686840205,X1351_1610
X1351_1611,728,1227.509091,4.643375827,0.964532709,0.035467291,0.038729386,0.704577195,X1351_1611
X1351_1643,840,1319.559701,5.07824735,0.981756914,0.018243086,0.065256295,0.754187472,X1351_1643
X1351_1644,978,1589.294118,5.363905596,0.987052573,0.012947427,0.078972825,0.779013588,X1351_1644
X1351_1645,992,1606.619355,5.227171611,0.974744432,0.025255568,0.039914546,0.757591505,X1351_1645
X1351_1646,897,1504.715385,5.312724533,0.987914295,0.012085705,0.092243456,0.781391511,X1351_1646
X1351_1647,1012,1617.71519,5.285435911,0.983229755,0.016770245,0.058922352,0.763826213,X1351_1647
X1351_1648,1047,1761.037267,5.436546257,0.987693007,0.012306993,0.077607086,0.781822426,X1351_1648
X1351_1649,1008,1782.315068,5.342053977,0.987214153,0.012785847,0.077590755,0.772450492,X1351_1649
X1351_1651,1035,1630.12426,5.410228144,0.985863708,0.014136292,0.068347736,0.779329591,X1351_1651
X1351_1652,915,1524.255319,5.202237625,0.985461809,0.014538191,0.075174149,0.762911799,X1351_1652
X1351_1653,916,1702.627907,4.767047287,0.959359958,0.040640042,0.026862745,0.698978863,X1351_1653
X1351_1654,808,1349.247706,5.15801567,0.985506027,0.014493973,0.085388855,0.770478431,X1351_1654
X1351_1655,896,1608.983871,5.139988038,0.983273949,0.016726051,0.066726534,0.756109605,X1351_1655
X1351_1656,978,1678.195804,5.324556183,0.983656597,0.016343403,0.062563157,0.773298774,X1351_1656
X1351_1657,1003,1892.565217,5.281694581,0.983868259,0.016131741,0.061804177,0.764272182,X1351_1657
X1351_1658,1060,1948.339623,5.151104946,0.975485958,0.024514042,0.038483912,0.739461249,X1351_1658
X1351_1659,666,1194.545455,4.443534356,0.968273345,0.031726655,0.047326183,0.683485059,X1351_1659
X1351_1660,901,1735.75,4.827994773,0.971805689,0.028194311,0.039365315,0.70963343,X1351_1660
X1351_1661,1015,1747,5.113692932,0.972126603,0.027873397,0.035346308,0.738690739,X1351_1661
X1351_1662,1084,1992.509434,5.246684155,0.982239359,0.017760641,0.051941214,0.750769026,X1351_1662
X1351_1663,912,1660.333333,4.545025381,0.930598504,0.069401496,0.015799245,0.666852326,X1351_1663
X1351_1664,1091,1929.479532,5.457199402,0.988215396,0.011784604,0.077778622,0.780173901,X1351_1664
X1351_1665,1340,2318.909091,5.336502726,0.969931707,0.030068293,0.024819123,0.741137197,X1351_1665
X1351_1666,1725,2902.468852,5.958509499,0.9816075,0.0183925,0.031518833,0.799479891,X1351_1666
X1351_1667,1458,2468.823293,5.623369091,0.977168922,0.022831078,0.030041115,0.771929627,X1351_1667
X1351_1668,1401,2603.133333,5.458152243,0.975263742,0.024736258,0.028855451,0.753374228,X1351_1668
X1351_1669,1281,2334.186603,5.002413314,0.952540229,0.047459771,0.01644846,0.699110588,X1351_1669
X1351_1670,1205,2068.942308,5.051184957,0.963878521,0.036121479,0.022974572,0.712012651,X1351_1670
X1351_1671,1455,2348.760563,5.630945274,0.984528384,0.015471616,0.04442233,0.773188237,X1351_1671
X1351_1672,1220,1973.338028,5.355688555,0.978561485,0.021438515,0.038233624,0.753621131,X1351_1672
X1351_1673,904,1749.666667,4.467759534,0.935712256,0.064287744,0.01720693,0.656364263,X1351_1673
X1351_1674,1393,2286.846154,5.672867533,0.983158346,0.016841654,0.042624974,0.783630208,X1351_1674
X1351_1675,1247,2204.448454,5.511172016,0.982271241,0.017728759,0.04523298,0.773118489,X1351_1675
X1351_1676,1584,2618.021739,6.061304125,0.991778986,0.008221014,0.076792615,0.822685108,X1351_1676
X1351_1677,593,1047.509804,3.860238301,0.929419655,0.070580345,0.023892496,0.60456081,X1351_1677
X1351_1678,594,1410.211765,2.596870232,0.765901048,0.234098952,0.007191411,0.406594536,X1351_1678
X1351_1679,705,1398.136364,3.147582378,0.822056142,0.177943858,0.007971277,0.47994624,X1351_1679
X1351_1680,661,1103.247706,3.973962007,0.938420012,0.061579988,0.024567386,0.611966838,X1351_1680
X1351_1681,812,1452.714286,4.356989013,0.912304261,0.087695739,0.014043181,0.650345368,X1351_1681
X1351_1682,472,983.4788732,2.200271385,0.654164404,0.345835596,0.00612616,0.357362172,X1351_1682
X1351_1683,320,778.1627907,1.400251466,0.377286631,0.622713369,0.00501836,0.242748534,X1351_1683
X1351_1684,909,1537.08589,3.991393394,0.876321203,0.123678797,0.008894896,0.585905931,X1351_1684
X1351_1685,730,1376.363636,3.392423939,0.848090198,0.151909802,0.009017608,0.514545886,X1351_1685
X1351_1686,736,1252,4.479301249,0.952991868,0.047008132,0.028903417,0.678555537,X1351_1686
X1351_1687,974,1762.375,4.625687375,0.941560279,0.058439721,0.017568428,0.672200392,X1351_1687
X1351_1688,787,1475.788991,4.484644261,0.959005014,0.040994986,0.030995206,0.672539105,X1351_1688
X1351_1689,416,878.0508475,3.225131954,0.912329937,0.087670063,0.027419236,0.534786979,X1351_1689
X1351_1690,737,1379.946429,4.350698581,0.957660602,0.042339398,0.032047034,0.658938382,X1351_1690
X1351_1691,618,1191.325301,4.137828866,0.956772667,0.043227333,0.037432866,0.643870894,X1351_1691
X1351_1692,522,901.5,3.545130889,0.908592527,0.091407473,0.020957901,0.56652592,X1351_1692
X1351_1693,601,1068.617021,3.316995829,0.864212118,0.135787882,0.012253623,0.518394407,X1351_1693
X1351_1694,611,1258.166667,2.89509029,0.756222218,0.243777782,0.006713742,0.451293302,X1351_1694
X1351_1695,483,968.6790123,2.908716902,0.853116393,0.146883607,0.014095469,0.470664897,X1351_1695
X1351_1696,587,1188.988636,3.756124652,0.931531342,0.068468658,0.024881129,0.58919373,X1351_1696
X1351_1697,412,980.5849057,2.69831389,0.814889188,0.185110812,0.013112062,0.448148717,X1351_1697
X1351_1698,588,1266.404494,2.702497211,0.783805508,0.216194492,0.007866437,0.423806325,X1351_1698
X1351_1699,187,511.5454545,1.302751993,0.45639466,0.54360534,0.009837272,0.24903937,X1351_1699
X1351_1700,436,902.7142857,2.482678806,0.709092669,0.290907331,0.007884222,0.408493739,X1351_1700
X1351_1701,1161,1968.194595,5.460062599,0.984003871,0.015996129,0.053845928,0.773704688,X1351_1701
X1351_1702,961,1637.386861,4.906228591,0.952092035,0.047907965,0.021720454,0.71436326,X1351_1702
X1351_1703,1194,2197.863905,5.52268806,0.98619476,0.01380524,0.060666886,0.779483125,X1351_1703
X1351_1704,1234,1989.121495,5.547186263,0.9841237,0.0158763,0.051042924,0.77931633,X1351_1704
X1351_1705,1448,2502.5,5.756152536,0.980175433,0.019824567,0.034835956,0.790904248,X1351_1705
X1351_1707,1052,1749.571429,4.549644333,0.927965797,0.072034203,0.013196097,0.65383029,X1351_1707
X1351_1708,1523,2498.573529,5.852129058,0.98522557,0.01477443,0.044441566,0.798550738,X1351_1708
X1351_1709,1029,1794.005917,5.02340338,0.971294637,0.028705363,0.033854903,0.724214989,X1351_1709
X1351_1710,1133,2006.743169,5.204216021,0.980564409,0.019435591,0.045412179,0.740010532,X1351_1710
X1351_1711,1401,2511.771028,5.854020132,0.990362066,0.009637934,0.074059016,0.808014819,X1351_1711
X1351_1712,1271,2216.270936,5.486227872,0.97855611,0.02144389,0.036690268,0.767566615,X1351_1712
X1351_1713,594,948.2,4.380065518,0.964266886,0.035733114,0.047113209,0.685791182,X1351_1713
X1351_1714,784,1291,4.791203836,0.963797584,0.036202416,0.035232737,0.718924037,X1351_1714
X1351_1715,761,1212.086207,4.780563806,0.968446578,0.031553422,0.041645577,0.720546796,X1351_1715
X1351_1716,743,1164.454545,4.907140391,0.978335042,0.021664958,0.062123132,0.742303134,X1351_1716
X1351_1717,888,1390.060811,5.024887782,0.97631619,0.02368381,0.047548351,0.74015447,X1351_1717
X1351_1718,735,1221.09375,4.875365114,0.974194633,0.025805367,0.052723305,0.738706178,X1351_1718
X1351_1719,960,1503.644295,5.360730492,0.982504865,0.017495135,0.059540363,0.780658595,X1351_1719
X1351_1720,872,1390.233871,5.185009356,0.9807041,0.0192959,0.059431745,0.765790963,X1351_1720
X1351_1721,759,1150.910569,4.765319005,0.965595662,0.034404338,0.03829526,0.718534036,X1351_1721
X1351_1722,860,1417.395522,4.970338633,0.975423784,0.024576216,0.047313658,0.735590997,X1351_1722
X1351_1723,735,1176.52381,4.864376611,0.974052108,0.025947892,0.052433709,0.737041221,X1351_1723
X1351_1724,1028,1689.566667,5.479469833,0.988118555,0.011881445,0.081872418,0.790076013,X1351_1724
X1351_1725,734,1220.09009,4.690482609,0.967181418,0.032818582,0.041513001,0.710839765,X1351_1725
X1351_1726,856,1459.433071,4.784184694,0.969565525,0.030434475,0.0383849,0.708529787,X1351_1726
X1351_1727,1154,1744.108247,5.651365229,0.989080611,0.010919389,0.079358941,0.801499601,X1351_1727
X1351_1730,924,1509.224,5.464953467,0.989612161,0.010387839,0.104184428,0.80029051,X1351_1730
X1351_1731,1018,1582.464286,5.518152237,0.989254309,0.010745691,0.091415087,0.796776606,X1351_1731
X1351_1732,951,1566.022222,5.36726365,0.985391939,0.014608061,0.071982495,0.782683579,X1351_1732
X1351_1733,1120,1798.589286,5.698016849,0.988852581,0.011147419,0.080095414,0.811557998,X1351_1733
X1351_1734,1088,1592.850829,5.728549825,0.990667565,0.009332435,0.098486365,0.819289305,X1351_1734
X1351_1735,1092,1774.652695,5.655804593,0.990268328,0.009731672,0.094100062,0.80846107,X1351_1735
X1351_1736,1031,1607.947674,5.454677894,0.988110566,0.011889434,0.081579335,0.786170977,X1351_1736
X1351_1737,1186,2065.939759,5.750115472,0.991179204,0.008820796,0.095588911,0.812353488,X1351_1737
X1351_1738,1146,1811.587209,5.712093785,0.98879048,0.01120952,0.077844575,0.810912423,X1351_1738
X1351_1739,1190,1862.6,5.475560399,0.980247942,0.019752058,0.042544231,0.773197645,X1351_1739
X1351_1740,1020,1700.658537,5.00297978,0.9576071,0.0423929,0.023126329,0.722185198,X1351_1740
X1351_1741,1318,2021.339056,5.667100954,0.979071218,0.020928782,0.036252724,0.788864552,X1351_1741
X1351_1742,956,1572.288462,5.185963889,0.980959761,0.019040239,0.054937603,0.755667613,X1351_1742
X1351_1743,1141,1930.592784,5.20471278,0.963118648,0.036881352,0.023763342,0.739341463,X1351_1743
X1351_1744,1068,1724.445652,4.95074709,0.942316585,0.057683415,0.016232215,0.709932824,X1351_1744
X1351_1745,1085,1871.923077,5.356868838,0.980661348,0.019338652,0.047658904,0.766434666,X1351_1745
X1351_1746,891,1569.099237,4.901054125,0.95302094,0.04697906,0.0238901,0.721555595,X1351_1746
X1351_1747,1071,1932.673077,5.224606299,0.977479623,0.022520377,0.041460533,0.748902756,X1351_1747
X1351_1748,1054,1790.5,5.209743925,0.973687294,0.026312706,0.036057356,0.748489031,X1351_1748
X1351_1749,759,1326.777778,4.180661753,0.900130071,0.099869929,0.01319239,0.630377056,X1351_1749
X1351_1750,924,1680.210526,5.03440372,0.974130773,0.025869227,0.041835463,0.737240591,X1351_1750
X1351_1751,867,1602.050847,5.041343526,0.981363932,0.018636068,0.061890874,0.745205393,X1351_1751
X1351_1752,1059,1870.841772,5.172795492,0.967431778,0.032568222,0.028994123,0.742675638,X1351_1752
X1351_1753,1265,2100.373134,5.495735716,0.973624313,0.026375687,0.029971308,0.769406204,X1351_1753
X1351_1754,914,1590.874074,5.164300289,0.982781561,0.017218439,0.063541874,0.757469731,X1351_1754
X1351_1755,816,1342.943548,5.10982037,0.985477151,0.014522849,0.084383592,0.762157602,X1351_1755
X1351_1756,876,1384.938356,5.104317531,0.981548721,0.018451279,0.061868477,0.753364093,X1351_1756
X1351_1757,820,1260.443548,5.02851294,0.975177699,0.024822301,0.049129701,0.749483506,X1351_1757
X1351_1758,1003,1549.060606,5.419340313,0.983409071,0.016590929,0.060093621,0.784189805,X1351_1758
X1351_1759,1107,1965.697674,5.250357327,0.979992257,0.020007743,0.045149638,0.749044231,X1351_1759
X1351_1760,1171,1991.516304,5.632612584,0.987753985,0.012246015,0.0697346,0.797186641,X1351_1760
X1351_1761,1062,1796.921348,4.954100796,0.968527686,0.031472314,0.029918982,0.710988139,X1351_1761
X1351_1762,1322,2229.5,5.835216403,0.987360367,0.012639633,0.059845858,0.811923858,X1351_1762
X1351_1763,1073,1729.508287,5.273872164,0.979641856,0.020358144,0.045778557,0.755762486,X1351_1763
X1351_1764,999,1627.780645,5.222677231,0.975999112,0.024000888,0.041706832,0.756169489,X1351_1764
X1351_1765,1184,2098.931818,5.608948975,0.98718987,0.01281013,0.065931774,0.792599034,X1351_1765
X1351_1766,1242,2297.890244,5.747754978,0.987442404,0.012557596,0.064116807,0.806761529,X1351_1766
X1351_1767,1356,2274.133971,5.812519158,0.987999605,0.012000395,0.061453237,0.80591817,X1351_1767
X1351_1768,1215,1952.512438,5.633694692,0.984532024,0.015467976,0.05320963,0.793198902,X1351_1768
X1351_1769,1106,1789.044693,5.155179352,0.958289213,0.041710787,0.021676866,0.735560468,X1351_1769
X1351_1770,823,1561.888889,4.667803673,0.965495181,0.034504819,0.03521441,0.695342489,X1351_1770
X1351_1771,1129,1786.33871,5.547741847,0.98485091,0.01514909,0.058468172,0.789254906,X1351_1771
X1351_1772,1421,2541.473214,5.708456421,0.984719012,0.015280988,0.046052636,0.786384502,X1351_1772
X1351_1773,1026,1812.398734,5.087573483,0.975288123,0.024711877,0.039440909,0.733775145,X1351_1773
X1351_1774,1303,2050.786957,5.60443243,0.983815392,0.016184608,0.047419111,0.781386039,X1351_1774
X1351_1775,963,1592.786585,4.924495102,0.96780954,0.03219046,0.032258675,0.716805941,X1351_1775
X1351_1776,1194,1936.940299,5.355628781,0.975647832,0.024352168,0.034392048,0.755904048,X1351_1776
X1351_1777,940,1338.577143,5.321321084,0.985125089,0.014874911,0.071518396,0.777302725,X1351_1777
X1351_1778,1163,1912.076923,5.593016696,0.987420368,0.012579632,0.068352175,0.792351371,X1351_1778
X1351_1779,1499,2401.211321,6.0040038,0.990602752,0.009397248,0.070990079,0.821054342,X1351_1779
X1351_1780,793,1442.8,4.95647891,0.977450234,0.022549766,0.055922268,0.742452091,X1351_1780
X1351_1781,1444,2279.171315,5.669786185,0.98003799,0.01996201,0.034691936,0.779333593,X1351_1781
X1351_1782,1393,2277.137931,5.801385929,0.988745333,0.011254667,0.063784658,0.801383292,X1351_1782
X1351_1783,1127,1938.581522,5.179827839,0.969977172,0.030022828,0.029554559,0.73709919,X1351_1783
X1351_1784,1335,2238.124444,5.71452439,0.986936701,0.013063299,0.05734108,0.794049363,X1351_1784
X1351_1785,1349,2289.665198,5.461915168,0.979801653,0.020198347,0.036700521,0.75785002,X1351_1785
X1351_1786,1274,2252.373206,5.2447826,0.972362109,0.027637891,0.028400479,0.73354456,X1351_1786
X1351_1787,1079,1963.293785,4.829015512,0.96254222,0.03745778,0.024742098,0.691460587,X1351_1787
X1351_1788,1051,1914.282209,4.862599412,0.966863485,0.033136515,0.028713786,0.698900647,X1351_1788
X1351_1789,1199,2034.373134,5.394109698,0.982791675,0.017208325,0.048466561,0.76088654,X1351_1789
X1351_1790,1428,2383.641975,5.755300975,0.986735055,0.013264945,0.052791785,0.792301362,X1351_1790
X1351_1791,1619,2698.029851,6.101290325,0.990321244,0.009678756,0.063816591,0.825663106,X1351_1791
X1351_1792,1261,2066.423256,5.665177742,0.987655312,0.012344688,0.06423989,0.793480008,X1351_1792
X1351_1793,1363,2517.56422,5.342543157,0.974601809,0.025398191,0.028886928,0.740226537,X1351_1793
X1351_1794,1458,2520.763052,5.588083776,0.98340829,0.01659171,0.041338177,0.767085951,X1351_1794
X1351_1795,957,1707.5,4.954381221,0.975906131,0.024093869,0.043369211,0.721812811,X1351_1795
X1351_1796,1446,2417.468504,5.507676966,0.977133034,0.022866966,0.030242881,0.756907067,X1351_1796
X1351_1797,1550,2531.482353,6.035329555,0.989521476,0.010478524,0.061569866,0.821579249,X1351_1797
X1351_1798,1355,2264.264317,5.614879784,0.982070157,0.017929843,0.041160838,0.778594691,X1351_1798
X1351_1799,1328,2413.950893,5.333892723,0.97769065,0.02230935,0.033753205,0.741701333,X1351_1799
X1351_1800,1248,2105.025,5.52471655,0.984977385,0.015022615,0.053338385,0.774931403,X1351_1800
X1351_1801,1222,2030.514151,5.215328413,0.975419606,0.024580394,0.033292005,0.733701363,X1351_1801
X1351_1802,1668,2868.433213,6.079068676,0.991279709,0.008720291,0.068750043,0.819349892,X1351_1802
X1351_1803,1298,2076.836066,5.431297683,0.983416352,0.016583648,0.046456365,0.757653226,X1351_1803
X1351_1804,1305,2285.876923,5.765030004,0.987024112,0.012975888,0.059054418,0.803605171,X1351_1804
X1351_1805,1713,3218.003704,6.039836401,0.989531029,0.010468971,0.055762036,0.81115165,X1351_1805
X1351_1806,1068,1866.561497,4.671982248,0.936584996,0.063415004,0.014765111,0.669958188,X1351_1806
X1351_1807,1683,2801.195572,6.373526835,0.994635864,0.005364136,0.110768454,0.858002282,X1351_1807
X1351_1808,1813,2976.951613,6.482398571,0.996116546,0.003883454,0.142031301,0.864004366,X1351_1808
X1351_1809,1910,3149.297297,6.516450598,0.995744061,0.004255939,0.123018728,0.862550977,X1351_1809
X1351_1810,1844,2885.888218,6.528773148,0.995924282,0.004075718,0.133056138,0.868223432,X1351_1810
X1351_1811,1682,2874.992754,6.183923276,0.992497157,0.007502843,0.079240675,0.832544521,X1351_1811
X1351_1812,1738,2719.3375,6.373535564,0.995206599,0.004793401,0.120034612,0.854305187,X1351_1812
X1351_1813,1850,3139.654605,6.579704885,0.996919416,0.003080584,0.175466923,0.87461871,X1351_1813
X1351_1814,1806,3020.375,6.389922966,0.994976175,0.005023825,0.110216784,0.852118145,X1351_1814
X1351_1815,1722,3105.375,6.235354916,0.993585493,0.006414507,0.0905323,0.836820919,X1351_1815
X1351_1816,1778,2961.468966,6.394887158,0.994965548,0.005034452,0.111716164,0.854560776,X1351_1816
X1351_1817,1634,2807,6.081084133,0.990303312,0.009696688,0.063113829,0.821902932,X1351_1817
X1351_1818,1839,3306.040404,6.291954008,0.993077909,0.006922091,0.078556291,0.837032469,X1351_1818
X1351_1819,1753,3143.454545,6.245042797,0.993450492,0.006549508,0.087098248,0.83611898,X1351_1819
X1351_1820,1670,2930.71161,6.19411156,0.99359568,0.00640432,0.093499763,0.8347208,X1351_1820
X1351_1821,1828,3111.508039,6.410763592,0.995125027,0.004874973,0.112215182,0.853519183,X1351_1821
X1351_1822,1521,2702.431452,5.771445172,0.985085683,0.014914317,0.044082622,0.787682279,X1351_1822
X1351_1823,1809,3039.603175,6.286282578,0.993625094,0.006374906,0.086713685,0.838111841,X1351_1823
X1351_1826,1504,2779.69863,5.996968677,0.991875852,0.008124148,0.081841639,0.819718995,X1351_1826
X1351_1827,1941,3370.547771,6.54599869,0.995967596,0.004032404,0.127764572,0.864619535,X1351_1827
X1351_1828,1249,1879.5625,5.672814193,0.987682967,0.012317033,0.065002707,0.795615122,X1351_1828
X1351_1829,1779,3045.797386,6.251806764,0.993280337,0.006719663,0.08365204,0.835377907,X1351_1829
X1351_1830,1428,2187.135338,5.843984074,0.988249378,0.011750622,0.059595152,0.804509888,X1351_1830
X1351_1831,1302,2283.131455,5.558799853,0.983728544,0.016271456,0.047202238,0.775106784,X1351_1831
X1351_1832,1085,1946.772455,5.324894173,0.983503274,0.016496726,0.055869206,0.761859887,X1351_1832
X1351_1833,1011,1766.164557,5.152028995,0.978416346,0.021583654,0.045827258,0.744653267,X1351_1833
X1351_1834,1241,2336.582418,5.496928252,0.982763458,0.017236542,0.046749619,0.77164244,X1351_1834
X1351_1835,888,1652.335878,4.56784675,0.938106794,0.061893206,0.018194665,0.672833372,X1351_1835
X1351_1836,1153,2073.662921,5.277035407,0.979694991,0.020305009,0.042713732,0.748502653,X1351_1836
X1351_1837,1091,1743.148148,5.285268193,0.979562116,0.020437884,0.044847612,0.755594216,X1351_1837
X1351_1838,1063,1767.13253,5.318197031,0.984773003,0.015226997,0.061780648,0.763138357,X1351_1838
X1351_1839,990,1692.814371,5.029853433,0.973738108,0.026261892,0.038462614,0.729206812,X1351_1839
X1351_1840,1132,1918.914439,5.228532474,0.972833072,0.027166928,0.032517192,0.743561556,X1351_1840
X1351_1841,1342,2244.365145,5.592115357,0.985975378,0.014024622,0.053132018,0.776476025,X1351_1841
X1351_1842,1173,1967.9375,5.390652317,0.981792069,0.018207931,0.046821076,0.762757655,X1351_1842
X1351_1843,1496,2555.619433,6.076902159,0.993458725,0.006541275,0.102189437,0.831251004,X1351_1843
X1351_1844,1311,2229.42723,5.768995954,0.989118527,0.010881473,0.070098643,0.803644132,X1351_1844
X1351_1845,1593,2635.25,6.119900494,0.99251719,0.00748281,0.083891798,0.829999975,X1351_1845
X1351_1846,1171,1709.636364,5.607689699,0.984302357,0.015697643,0.054401223,0.793659292,X1351_1846
X1351_1847,1428,2682.754902,5.863065288,0.988962101,0.011037899,0.063443243,0.807136696,X1351_1847
X1351_1848,1455,2653.380282,6.0118472,0.992247458,0.007752542,0.088652881,0.825490093,X1351_1848
X1351_1849,1331,2285.004739,5.728242714,0.984050874,0.015949126,0.047106957,0.796287586,X1351_1849
X1351_1850,1550,2554.130435,6.066155783,0.993195906,0.006804094,0.094819578,0.825775572,X1351_1850
X1351_1851,1212,2088.015544,5.611973925,0.988746359,0.011253641,0.073316938,0.790415838,X1351_1851
X1351_1852,1351,2277.55,5.883295161,0.991664654,0.008335346,0.088801643,0.816149444,X1351_1852
X1351_1853,1168,2113.005848,5.255243768,0.977134133,0.022865867,0.037442901,0.744047562,X1351_1853
X1351_1854,1042,2001.924528,4.949144661,0.974858716,0.025141284,0.038171992,0.712220156,X1351_1854
X1351_1855,1444,2753,5.750833885,0.984213456,0.015786544,0.043867789,0.790473907,X1351_1855
X1351_1856,1285,2331.84689,5.315515798,0.978559628,0.021440372,0.036296484,0.742544584,X1351_1856
X1351_1857,1455,2476.542857,5.831478459,0.987725646,0.012274354,0.055993596,0.80072356,X1351_1857
X1351_1858,991,1857.121019,4.36053253,0.943664392,0.056335608,0.01791197,0.632078992,X1351_1858
X1351_1859,1073,1890.612903,4.407277925,0.887327025,0.112672975,0.008271428,0.631576803,X1351_1859
X1351_1860,1427,2549.085714,5.719679993,0.988772499,0.011227501,0.062415568,0.787473555,X1351_1860
X1351_1861,1089,2341.454545,4.798692999,0.960712432,0.039287568,0.023373135,0.686212301,X1351_1861
X1351_1862,1391,2480.588745,5.637367779,0.983103744,0.016896256,0.042548318,0.778880981,X1351_1862
X1351_1863,756,1546.933884,3.697580793,0.913820538,0.086179462,0.0153488,0.557869299,X1351_1863
X1351_1864,1191,2284.04918,5.113715636,0.972852127,0.027147873,0.030928043,0.722016317,X1351_1864
X1351_1865,924,1926.346154,4.407640349,0.95804992,0.04195008,0.025798546,0.64545705,X1351_1865
X1351_1866,1664,2768.827586,6.23897872,0.994207018,0.005792982,0.103739589,0.84117512,X1351_1866
X1351_1867,1691,2756.45098,6.292412277,0.99494058,0.00505942,0.116884164,0.846542243,X1351_1867
X1351_1868,1602,2718.727969,6.131153295,0.993043072,0.006956928,0.089726343,0.830891251,X1351_1868
X1351_1869,1734,2928.081911,6.345516718,0.995334564,0.004665436,0.123611442,0.850812327,X1351_1869
X1351_1870,1784,3042.181818,6.399817171,0.99521791,0.00478209,0.117216147,0.854834743,X1351_1870
X1351_1871,1744,2937.680412,6.409416815,0.995691683,0.004308317,0.133090132,0.858718014,X1351_1871
X1351_1872,1585,2680.060729,6.254598119,0.994395423,0.005604577,0.112571356,0.84884769,X1351_1872
X1351_1873,1694,2910.961538,6.319411539,0.994874546,0.005125454,0.115173941,0.849971868,X1351_1873
X1351_1874,1516,2539.5,5.915722391,0.989140172,0.010859828,0.060740427,0.807736107,X1351_1874
X1351_1875,1728,2965.705224,6.396919727,0.99541682,0.00458318,0.126266853,0.858103292,X1351_1875
X1351_1876,1495,2567.83913,6.083035007,0.992516579,0.007483421,0.089383765,0.832166023,X1351_1876
X1351_1877,1575,2651.253968,6.22793731,0.994311726,0.005688274,0.1116192,0.845956042,X1351_1877
X1351_1878,1595,2653.122677,6.079180716,0.990891588,0.009108412,0.068832994,0.824337157,X1351_1878
X1351_1879,1430,2275.813278,6.086725247,0.993970486,0.006029514,0.115979619,0.837765346,X1351_1879
X1351_1880,1190,1963.504348,4.538089124,0.914581462,0.085418538,0.009837866,0.640818394,X1351_1880
X1351_1881,1567,2306.309701,6.286035611,0.9944875,0.0055125,0.115766366,0.854438693,X1351_1881
X1351_1882,1588,2488.095238,6.106331221,0.99288132,0.00711868,0.088460634,0.828512908,X1351_1882
X1351_1883,1720,2542.393293,6.384838114,0.994917763,0.005082237,0.114397517,0.857016097,X1351_1883
X1351_1884,1720,2873.917526,6.320319424,0.9946193,0.0053807,0.108051997,0.848355962,X1351_1884
X1351_1885,1624,2660.289474,6.220262187,0.994316392,0.005683608,0.108340252,0.84141198,X1351_1885
X1351_1886,1483,2473.815451,6.133695427,0.994338354,0.005661646,0.119101209,0.840022551,X1351_1886
X1351_1887,1667,2919.576642,6.046571669,0.988308157,0.011691843,0.051307566,0.815035754,X1351_1887
X1351_1888,1611,2626.56338,6.148414499,0.993121419,0.006878581,0.090241355,0.832598361,X1351_1888
X1351_1889,1566,2829.682927,6.049263859,0.992818608,0.007181392,0.088920035,0.822326497,X1351_1889
X1351_1890,1531,2500.609929,5.831167241,0.987825467,0.012174533,0.053650343,0.795121972,X1351_1890
X1351_1891,1596,2709.703704,6.172067485,0.99392126,0.00607874,0.103075043,0.836861483,X1351_1891
X1351_1892,1325,2235.484018,5.858698163,0.991731665,0.008268335,0.091277991,0.814934131,X1351_1892
X1351_1893,1601,2795.470588,6.166291303,0.994080397,0.005919603,0.105515462,0.835723858,X1351_1893
X1351_1894,1338,2073.02521,5.889976226,0.991147591,0.008852409,0.084427206,0.818173702,X1351_1894
X1351_1895,1531,2779.319672,5.987010649,0.992251684,0.007748316,0.084298041,0.816372352,X1351_1895
X1351_1896,1424,2369.692308,5.873058302,0.991678848,0.008321152,0.08439302,0.808824713,X1351_1896
X1351_1897,1331,2274.546256,5.267537742,0.968393443,0.031606557,0.023770852,0.73224462,X1351_1897
X1351_1898,1324,2411.586207,5.288249179,0.970133695,0.029866305,0.025288934,0.735662986,X1351_1898
X1351_1899,1456,2557.084337,5.459546477,0.96787147,0.03212853,0.02137705,0.749582657,X1351_1899
X1351_1900,1582,2628.791667,5.875701873,0.988421976,0.011578024,0.054595782,0.797630574,X1351_1900
X1351_1901,1295,2223.395652,5.232304391,0.961142132,0.038857868,0.019872443,0.730129807,X1351_1901
X1351_1902,652,1115.125,4.747388508,0.977338344,0.022661656,0.067680065,0.732616645,X1351_1902
X1351_1903,797,1207.88,4.887019194,0.972426189,0.027573811,0.045503508,0.731496108,X1351_1903
X1351_1904,944,1586.69375,4.88808924,0.968436611,0.031563389,0.033561733,0.713576527,X1351_1904
X1351_1905,1003,1626.585987,5.178774006,0.975288978,0.024711022,0.040346732,0.74937936,X1351_1905
X1351_1906,759,1354.057143,4.646640127,0.940154352,0.059845648,0.022015353,0.700639156,X1351_1906
X1351_1907,865,1485.320313,4.818776255,0.952221002,0.047778998,0.024196183,0.712549016,X1351_1907
X1351_1908,823,1366,5.01147169,0.974049934,0.025950066,0.046823265,0.746537224,X1351_1908
X1351_1909,829,1332.257576,4.938428153,0.976709832,0.023290168,0.051793212,0.734861067,X1351_1909
X1351_1910,823,1385.508065,5.009247435,0.979818119,0.020181881,0.060205827,0.746205887,X1351_1910
X1351_1911,798,1286.775,4.969282449,0.977499949,0.022500051,0.055694667,0.743669813,X1351_1911
X1351_1912,786,1242.176471,4.734867257,0.957471733,0.042528267,0.029915742,0.710199182,X1351_1912
X1351_1913,871,1453.022901,4.828781174,0.960004008,0.039995992,0.028705517,0.713299343,X1351_1913
X1351_1914,1256,2057.719577,5.926871273,0.993404808,0.006595192,0.120721024,0.830595706,X1351_1914
X1351_1915,1186,1963.765625,5.596629176,0.985615449,0.014384551,0.058616382,0.790669553,X1351_1915
X1351_1916,1011,1623.962264,5.281667289,0.983186489,0.016813511,0.05882886,0.763390657,X1351_1916
X1351_1917,994,1544.159509,5.357961939,0.986505315,0.013494685,0.074550551,0.776320769,X1351_1917
X1351_1918,1246,2155.142132,5.56925332,0.986936603,0.013063397,0.061436412,0.781354188,X1351_1918
X1351_1919,793,1360.375,4.76134845,0.966303523,0.033696477,0.037423321,0.713222668,X1351_1919
X1351_1922,987,1631.347826,5.068783224,0.971518538,0.028481462,0.035573007,0.735174156,X1351_1922
X1351_1923,1013,1625.890173,5.122778968,0.973726748,0.026273252,0.037573074,0.740214149,X1351_1923
X1351_1924,1239,1825.285714,5.914917979,0.99308839,0.00691161,0.116774884,0.830506634,X1351_1924
X1351_1925,1259,1935.883721,5.853289176,0.992555912,0.007444088,0.10669959,0.820009707,X1351_1925
X1351_1926,1268,2072.475962,5.83604643,0.991586526,0.008413474,0.093735781,0.816779039,X1351_1926
X1351_1927,1246,1943.602941,5.911210945,0.99354511,0.00645489,0.124334915,0.829330102,X1351_1927
X1351_1928,724,1254.472222,4.655609729,0.968470862,0.031529138,0.043807587,0.707024635,X1351_1928
X1351_1929,888,1542.888889,5.033967187,0.980398358,0.019601642,0.057450601,0.741491846,X1351_1929
X1351_1930,765,1248.897436,4.720147227,0.969586852,0.030413148,0.042981067,0.710878839,X1351_1930
X1351_1931,929,1415.554054,5.362460999,0.986858989,0.013141011,0.081913505,0.784661351,X1351_1931
X1351_1932,861,1282.964029,5.230715487,0.984938467,0.015061533,0.077113015,0.773992652,X1351_1932
X1351_1933,792,1459.95,4.849825567,0.973557228,0.026442772,0.047749391,0.726613373,X1351_1933
X1351_1934,835,1400.661538,4.885457184,0.977477693,0.022522307,0.053174162,0.726199445,X1351_1934
X1351_1935,691,1165.028037,4.256871782,0.950633682,0.049366318,0.029315089,0.651083014,X1351_1935
X1351_1936,998,1493.617647,5.560814564,0.989610817,0.010389183,0.096446855,0.805243735,X1351_1936
X1351_1937,1004,1589.333333,5.295579142,0.982890152,0.017109848,0.058213021,0.766170826,X1351_1937
X1351_1938,865,1368.173228,5.230800629,0.98520732,0.01479268,0.078151451,0.773474767,X1351_1938
X1351_1939,945,1485.006536,5.19578249,0.982890103,0.017109897,0.061847309,0.758377207,X1351_1939
X1351_1940,967,1658.212766,5.299284879,0.98359772,0.01640228,0.06304771,0.770894946,X1351_1940
X1351_1941,955,1656.219178,4.977328766,0.973910072,0.026089928,0.040135044,0.725377172,X1351_1941
X1351_1942,963,1458.784314,5.503247828,0.988018172,0.011981828,0.086666373,0.801048769,X1351_1942
X1351_1943,1093,1773.339506,5.530304034,0.985862999,0.014137001,0.064717623,0.790418149,X1351_1943
X1351_1944,1317,2206.720588,5.724215104,0.987112695,0.012887305,0.058918561,0.79689908,X1351_1944
X1351_1945,939,1500.471429,5.360107903,0.985703642,0.014296358,0.074491889,0.783090197,X1351_1945
X1351_1946,826,1375.084034,5.005052611,0.975027748,0.024972252,0.048479958,0.745177099,X1351_1946
X1351_1947,932,1534.02381,5.358339873,0.985286376,0.014713624,0.072922985,0.783688613,X1351_1947
X1351_1948,1051,1563.518519,5.546104049,0.983333314,0.016666686,0.05708842,0.79714066,X1351_1948
X1351_1949,912,1504.06993,5.073208347,0.978072712,0.021927288,0.050005785,0.744348052,X1351_1949
X1351_1950,1135,1832.348485,5.227528359,0.966926466,0.033073534,0.026639344,0.743139049,X1351_1950
X1351_1951,880,1456.978417,4.715969842,0.951135842,0.048864158,0.023255566,0.695578785,X1351_1951
X1351_615,1094,1737.28877,5.346471573,0.980343488,0.019656512,0.046502491,0.76404405,X1351_615
X1351_616,955,1500.331325,5.139942437,0.980309041,0.019690959,0.053177727,0.749075876,X1351_616
X1351_617,882,1414.279412,4.6604923,0.945216142,0.054783858,0.020695637,0.687166076,X1351_617
X1351_619,886,1436.774648,4.963011978,0.974100187,0.025899813,0.043578236,0.731283184,X1351_619
X1351_620,1041,1762.892857,5.279727894,0.983037832,0.016962168,0.056632784,0.759898635,X1351_620
X1351_621,723,1281.6,4.440692308,0.957298426,0.042701574,0.032390513,0.674527765,X1351_621
X1351_622,866,1396.221477,4.822107808,0.965295392,0.034704608,0.03327323,0.712919849,X1351_622
X1351_623,945,1480.565789,5.092354007,0.96948322,0.03051678,0.034676039,0.74328077,X1351_623
X1351_625,895,1445.344828,4.971101278,0.967734173,0.032265827,0.034628539,0.731385936,X1351_625
X1351_627,881,1421.02,4.706666774,0.955874055,0.044125945,0.025723501,0.694090367,X1351_627
X1351_628,837,1353.674074,4.864454656,0.966012561,0.033987439,0.035152491,0.722820479,X1351_628
X1351_630,893,1448.251748,5.112493025,0.981322181,0.018677819,0.059954582,0.752436217,X1351_630
X1351_631,1045,1494.5,5.294466111,0.979322848,0.020677152,0.046279962,0.761599486,X1351_631
X1351_632,780,1311.495495,4.929741259,0.976109023,0.023890977,0.053662572,0.740279873,X1351_632
X1351_633,1138,1785.603352,5.633793664,0.987588447,0.012411553,0.07079973,0.800592803,X1351_633
X1351_634,1224,2004.210526,5.734679984,0.987436345,0.012563655,0.065028327,0.806579073,X1351_634
X1351_635,1010,1703.37415,5.326084443,0.98417984,0.01582016,0.062584641,0.769920656,X1351_635
X1351_636,976,1445.218182,5.387610886,0.984911008,0.015088992,0.067903155,0.782689064,X1351_636
X1351_637,1094,1696.26776,5.535922023,0.988819796,0.011180204,0.081758505,0.791117698,X1351_637
X1351_638,1091,1838.148352,5.248181671,0.981550529,0.018449471,0.049681115,0.750292241,X1351_638
X1351_639,1238,2005.816964,5.516171911,0.986321161,0.013678839,0.059051389,0.774606988,X1351_639
X1351_640,1596,2710.04943,6.127467945,0.99308514,0.00691486,0.090611589,0.830814297,X1351_640
X1351_641,1596,2699.03125,6.126919735,0.992365797,0.007634203,0.082073584,0.830739966,X1351_641
X1351_642,1265,2145.530303,5.672547175,0.986187455,0.013812545,0.057231585,0.794159911,X1351_642
X1351_643,1404,2404.952586,5.874417697,0.991952318,0.008047682,0.088503832,0.810590917,X1351_643
X1351_644,1565,2569.503704,6.052772352,0.991385247,0.008614753,0.074172484,0.822874888,X1351_644
X1351_645,1543,2534.386364,5.96462174,0.989509066,0.010490934,0.061776019,0.81245452,X1351_645
X1351_646,1629,2831.03125,6.121793757,0.991383244,0.008616756,0.071241835,0.827747998,X1351_646
X1351_647,674,955.9811321,4.993024363,0.982466046,0.017533954,0.08461751,0.766597261,X1351_647
X1351_648,946,1521.073529,5.422545947,0.98828656,0.01171344,0.090245265,0.791353472,X1351_648
X1351_649,1002,1761.71831,5.377431147,0.984217927,0.015782073,0.063236558,0.778237793,X1351_649
X1351_651,974,1571.24183,5.24641602,0.982866211,0.017133789,0.059922182,0.762404075,X1351_651
X1351_652,768,1207.714286,5.10464965,0.9837754,0.0162246,0.08025365,0.768334016,X1351_652
X1351_666,798,1374.764706,4.654107617,0.96479074,0.03520926,0.035591001,0.69650284,X1351_666
X1351_667,627,1118.024096,4.289300278,0.951572774,0.048427226,0.032933878,0.665942537,X1351_667
X1351_668,886,1330.273885,4.833426832,0.95802957,0.04197043,0.026891985,0.712189247,X1351_668
X1351_669,751,1232.952381,4.671699527,0.971221713,0.028778287,0.046269534,0.705544981,X1351_669
X1351_671,673,1084.666667,4.655186839,0.965673252,0.034326748,0.04328648,0.714890802,X1351_671
X1351_673,766,1222.176471,4.694870033,0.955940774,0.044059226,0.029630185,0.706932879,X1351_673
X1351_677,1209,2076.356757,5.617622618,0.988935252,0.011064748,0.074753612,0.7914877,X1351_677
X1351_678,1156,1669.214286,5.591389381,0.987817943,0.012182057,0.07101033,0.792798885,X1351_678
X1351_680,849,1266.377622,5.19310753,0.984403937,0.015596063,0.075522671,0.77002698,X1351_680
X1351_681,1314,2101.336245,5.770675981,0.989853921,0.010146079,0.075007793,0.803622286,X1351_681
X1351_682,1355,2189.449339,5.86458256,0.990324859,0.009675141,0.076278724,0.813220054,X1351_682
X1351_683,1058,1749.880682,5.282584372,0.981593819,0.018406181,0.051351206,0.758541284,X1351_683
X1351_684,1160,1932.619318,5.592562066,0.987848505,0.012151495,0.070943448,0.792576976,X1351_684
X1351_690,1032,1604.87931,5.282727073,0.979668216,0.020331784,0.047658988,0.761281705,X1351_690
X1351_691,997,1593.181208,5.414213618,0.985890776,0.014109224,0.071088888,0.784128754,X1351_691
X1351_692,1298,2202.50495,5.868880469,0.991424286,0.008575714,0.089836955,0.818694993,X1351_692
X1351_693,1052,1710.6,5.443524538,0.985073737,0.014926263,0.063684415,0.782289992,X1351_693
X1351_694,1197,1777.701923,5.714466451,0.990028449,0.009971551,0.083780539,0.806265541,X1351_694
X1351_695,927,1570.507042,5.146125708,0.98023646,0.01976354,0.054582764,0.75324366,X1351_695
X1351_697,810,1377.081301,5.009895558,0.980097379,0.019902621,0.062030419,0.748076742,X1351_697
X1351_700,670,1035.776699,4.640854264,0.965593879,0.034406121,0.043379993,0.71317907,X1351_700
X1351_701,673,1075.3,4.64276643,0.973539981,0.026460019,0.05615582,0.712983416,X1351_701
X1351_702,648,991.7227723,4.559737421,0.964284842,0.035715158,0.043208821,0.704327218,X1351_702
X1351_703,515,768.7625,4.312562046,0.957877493,0.042122507,0.046097625,0.690654512,X1351_703
X1351_705,837,1196.160839,5.278862178,0.986332985,0.013667015,0.087418001,0.784398243,X1351_705
X1351_706,977,1610,5.332379185,0.985699782,0.014300218,0.071575234,0.774550007,X1351_706
X1351_707,1142,1819.530726,5.572023544,0.988330901,0.011669099,0.075040648,0.791420317,X1351_707
X1351_708,1010,1576.730769,5.493289683,0.986892043,0.013107957,0.075534197,0.794091277,X1351_708
X1351_709,1189,1760.039409,5.776488774,0.98965572,0.01034428,0.081305114,0.815788242,X1351_709