"","rich_current_names","sobs","chao","shannonH","simpson_inv","simpsonD","simpsoneven","shannoneven"
"SRR13801399","SRR13801399",179,226.222222222222,2.47014609011821,0.813766496853189,0.186233503146811,0.0299977828069258,0.476183222643078
"SRR13801186","SRR13801186",172,213.25,2.98722022924489,0.903633529194988,0.0963664708050123,0.0603317049986819,0.580325096549521
"SRR13801171","SRR13801171",167,230.588235294118,2.56069157744713,0.817422055989197,0.182577944010803,0.0327970828269459,0.500331120220317
"SRR13801400","SRR13801400",169,195.64,2.78526425090961,0.809400749643401,0.190599250356599,0.0310450316685033,0.542947220928002
"SRR13801525","SRR13801525",233,313.161290322581,3.26222088270519,0.909776798704033,0.0902232012959672,0.0475691998500841,0.598458607565181
"SRR13800997","SRR13800997",203,275.730769230769,2.66130305612137,0.812570211642222,0.187429788357778,0.0262824197666006,0.500884600864151
"SRR13801246","SRR13801246",200,287.652173913043,2.94551694630544,0.881233777543876,0.118766222456124,0.0420995119369663,0.55593441134775
"SRR13801475","SRR13801475",204,290.666666666667,3.09620272421299,0.904850413729797,0.0951495862702028,0.0515184666215289,0.582198733348793
"SRR13801023","SRR13801023",213,253.181818181818,3.56751385894255,0.942457117836419,0.0575428821635809,0.0815884694027813,0.665420527118481
"SRR13801012","SRR13801012",217,356.333333333333,3.35788246463243,0.924112247318218,0.0758877526817818,0.0607251469179674,0.62415363044476
"SRR13801398","SRR13801398",196,247,3.33114836955933,0.905706868729226,0.0942931312707742,0.0541082976836923,0.631124669437357
"SRR13801333","SRR13801333",181,252.291666666667,2.1720796490403,0.73925844935795,0.26074155064205,0.0211890351378544,0.41782839077844
"SRR13801311","SRR13801311",183,298,1.63652160119737,0.461812547403852,0.538187452596148,0.0101534899187207,0.314142614680867
"SRR13801300","SRR13801300",204,263.181818181818,2.64901600372085,0.800441099145523,0.199558900854477,0.0245639796737924,0.498111363938218
"SRR13801289","SRR13801289",173,216.0625,2.40649483838829,0.787916768881528,0.212083231118472,0.0272550865541099,0.466982082084727
"SRR13801322","SRR13801322",127,199.058823529412,2.14163348936899,0.76923099323451,0.23076900676549,0.0341207680285817,0.442103793917393
"SRR13801278","SRR13801278",200,261,3.17846412705365,0.888709338615516,0.111290661384484,0.0449273994583079,0.599900667921764
"SRR13801219","SRR13801219",131,172,2.80084977595923,0.901565740142696,0.0984342598573041,0.0775501110825197,0.574510033189822
"SRR13801208","SRR13801208",181,288.25,2.84327420816223,0.887937313482308,0.112062686517692,0.0493015297967251,0.546941585435492
"SRR13801197","SRR13801197",190,314.25,2.81762355690483,0.866331261205524,0.133668738794476,0.03937463570169,0.536994593155098
"SRR13801185","SRR13801185",140,217.214285714286,2.49089119110463,0.845624347916091,0.154375652083909,0.0462693245109322,0.504061398637051
"SRR13801126","SRR13801126",131,206,1.86443326424555,0.729089770993369,0.270910229006631,0.0281775546617426,0.382432369531521
"SRR13801115","SRR13801115",177,249.058823529412,2.96215506635136,0.890402040169541,0.109597959830459,0.0515494770419455,0.572269972738682
"SRR13800962","SRR13800962",90,139.583333333333,1.90836644948062,0.744148052617318,0.255851947382682,0.0434278934546941,0.424099370705285
"SRR13800927","SRR13800927",68,103.1,1.64333377977884,0.738363942286871,0.261636057713129,0.0562073992456553,0.389461021190445
"SRR13800916","SRR13800916",74,97.0769230769231,1.60067117748846,0.741141548077884,0.258858451922116,0.052204258401342,0.371897530085178
"SRR13800973","SRR13800973",96,123,2.04843565811329,0.70411869994892,0.29588130005108,0.0352055593404124,0.448790401648683
"SRR13801586","SRR13801586",100,127,1.50852513684817,0.620119914644532,0.379880085355468,0.0263240964333327,0.327572071372753
"SRR13801575","SRR13801575",71,92,1.99539156544715,0.751528591001559,0.248471408998441,0.0566846185604472,0.468107299399675
"SRR13801170","SRR13801170",49,66.1,1.72027953659693,0.771992397090547,0.228007602909453,0.0895065033134472,0.442024401134883
"SRR13801159","SRR13801159",96,129.461538461538,2.14743346545639,0.806908622337547,0.193091377662453,0.0539468245178522,0.470479765209542
"SRR13801370","SRR13801370",96,105,2.30116313654922,0.818970933611389,0.181029066388611,0.0575414041207363,0.504160296283004
"SRR13801359","SRR13801359",54,87,1.48153784794046,0.660831937504388,0.339168062495612,0.0545998298963013,0.371407313402648
"SRR13801423","SRR13801423",71,88.2727272727273,2.15125214569462,0.836930299705699,0.163069700294301,0.0863710855961252,0.50467128842614
"SRR13801412","SRR13801412",93,120.272727272727,2.42024955537813,0.852583518727248,0.147416481272752,0.0729408820452595,0.533965014785457
"SRR13801401","SRR13801401",77,102,2.41648165703243,0.851926392479113,0.148073607520887,0.0877064671040788,0.556305226029489
"SRR13801524","SRR13801524",69,90.375,2.54955738216324,0.890491082408084,0.109508917591916,0.132343136448444,0.602147673752423
"SRR13800952","SRR13800952",103,134.5,2.75406375437578,0.89773002487085,0.10226997512915,0.0949324359550993,0.59422325693045
"SRR13801146","SRR13801146",59,81.6666666666667,1.80725770090832,0.774424348572768,0.225575651427232,0.0751373316895439,0.443222833823254
"SRR13801135","SRR13801135",154,195.130434782609,2.84429735086864,0.900707662995375,0.0992923370046254,0.0653978613999588,0.564686145648005
"SRR13801425","SRR13801425",104,128.473684210526,2.42747742474307,0.859483119577238,0.140516880422762,0.0684286797889019,0.522668629204284
"SRR13800996","SRR13800996",104,154.214285714286,2.37588501803269,0.851089618237852,0.148910381762148,0.0645716202027008,0.511560088207031
"SRR13800985","SRR13800985",109,132.25,2.50083211596786,0.866103828253391,0.133896171746609,0.06851810478919,0.53307326140554
"SRR13801436","SRR13801436",100,131.909090909091,2.42417124337295,0.847350235098089,0.152649764901911,0.0655094359721143,0.526402097092709
"SRR13801262","SRR13801262",93,153.545454545455,2.29414100489171,0.848172781343376,0.151827218656624,0.0708218741486766,0.506142448358197
"SRR13801251","SRR13801251",89,124.769230769231,2.29763879460526,0.836733726651429,0.163266273348571,0.068819817012612,0.511879021900447
"SRR13801085","SRR13801085",118,148.875,2.45863031345094,0.858287537948489,0.141712462051511,0.0598012069545867,0.515362155956037
"SRR13801515","SRR13801515",109,141.8,1.56337497761509,0.596822235731001,0.403177764268999,0.0227550047142095,0.33324643937346
"SRR13801504","SRR13801504",89,141.928571428571,1.8004397304168,0.713308089585091,0.286691910414909,0.0391917408479325,0.401110622940534
"SRR13801052","SRR13801052",86,125.545454545455,2.38907907677363,0.866715123937571,0.133284876062429,0.0872410082843746,0.536347733546294
"SRR13801041","SRR13801041",134,190,2.00703942753678,0.675392551972446,0.324607448027554,0.0229898808930925,0.409780537851993
"SRR13801476","SRR13801476",109,169.545454545455,2.37934941919018,0.813493585128211,0.186506414871789,0.0491903290989333,0.507178209529754
"SRR13801030","SRR13801030",124,159,3.0339721722521,0.917854626154715,0.0821453738452848,0.0981737102349942,0.629418039373656
"SRR13801029","SRR13801029",111,144.461538461538,2.41868666079627,0.854459522993145,0.145540477006855,0.0619003674736114,0.513572810324539
"SRR13801028","SRR13801028",85,104.25,1.95990700221351,0.737668373088074,0.262331626911926,0.0448466927943186,0.441157067944565
"SRR13801031","SRR13801031",131,215,2.47199822756755,0.861977553069252,0.138022446930748,0.0553068573700166,0.507056035619988
"SRR13801027","SRR13801027",92,117.071428571429,2.33796333992831,0.831130241511632,0.168869758488368,0.0643665586703616,0.517043930756728
"SRR13801026","SRR13801026",73,205,1.56104586772737,0.666109058214549,0.333890941785451,0.0410272589718491,0.363841189770002
"SRR13801025","SRR13801025",123,170.3,2.47814295694551,0.862484620865341,0.137515379134659,0.0591212513972839,0.514972572523922
"SRR13801024","SRR13801024",142,194.105263157895,1.87086800592733,0.57075775883109,0.42924224116891,0.0164062453451677,0.377508735511217
"SRR13801022","SRR13801022",180,256.95652173913,3.26725413006104,0.923982924997666,0.0760170750023336,0.0730829955688904,0.629170282726487
"SRR13801021","SRR13801021",153,252,2.91258731485627,0.882551274335932,0.117448725664068,0.0556493710379855,0.578992795531817
"SRR13801020","SRR13801020",177,251.25,2.43006966937095,0.800549196735816,0.199450803264184,0.0283263713239647,0.469474376693235
"SRR13801019","SRR13801019",108,158.647058823529,2.36621925083531,0.76745943184016,0.23254056815984,0.0398178233266153,0.505372262342302
"SRR13801016","SRR13801016",129,211.875,2.62199649128272,0.86198466706724,0.13801533293276,0.0561672230162484,0.539526276555342
"SRR13801015","SRR13801015",164,205.576923076923,3.31295646793271,0.941254402665732,0.0587455973342677,0.103796050296571,0.64961632129376
"SRR13801018","SRR13801018",115,174.125,2.02434863894499,0.72170700459877,0.27829299540123,0.0312463925345158,0.426633845159612
"SRR13801014","SRR13801014",119,174.681818181818,2.26388444608088,0.824840138302375,0.175159861697625,0.047975382391226,0.473702855626972
"SRR13801013","SRR13801013",159,232.333333333333,2.85501263339061,0.888567664518239,0.111432335481761,0.0564406027111409,0.563240597867304
"SRR13801011","SRR13801011",126,187.894736842105,2.98769286363076,0.926568316035374,0.0734316839646264,0.108080157065867,0.617766482829789
"SRR13801010","SRR13801010",175,280.285714285714,3.22714266117671,0.924931686075373,0.075068313924627,0.0761211410718935,0.624835700350456
"SRR13801009","SRR13801009",177,247.8,3.30575470482533,0.932259768496434,0.0677402315035661,0.083402689786008,0.638651290170765
"SRR13801008","SRR13801008",131,200,2.85848823777398,0.889722594729919,0.110277405270081,0.0692216847826994,0.586332828862205
"SRR13801349","SRR13801349",167,281.375,2.80910565915818,0.852415284401223,0.147584715598777,0.0405734694666811,0.548868514132043
"SRR13801245","SRR13801245",117,215.272727272727,1.86001706962916,0.701432911637422,0.298567088362578,0.0286267605511466,0.390581506491773
"SRR13801546","SRR13801546",100,178.111111111111,1.69551186961143,0.620056611788817,0.379943388211183,0.0263197105418287,0.368175724486854
"SRR13801070","SRR13801070",115,144,2.90003227707467,0.905986562205033,0.0940134377949671,0.0924937155566771,0.611185196883949
"SRR13801059","SRR13801059",91,130.666666666667,2.52936063570422,0.885207609914005,0.114792390085995,0.0957294379947899,0.560726981642865
"SRR13801489","SRR13801489",123,170.3,2.83525605710131,0.911862138223886,0.0881378617761136,0.0922427789485626,0.589182759371215
"SRR13801478","SRR13801478",107,152.090909090909,2.23669616019564,0.795356349540272,0.204643650459728,0.0456686262756171,0.478659980802229
"SRR13801346","SRR13801346",157,174.103448275862,2.49303935200604,0.79308936854434,0.20691063145566,0.0307834677550501,0.49306134392616
"SRR13801345","SRR13801345",154,198.4,2.50886128830758,0.726987701851875,0.273012298148125,0.0237846666159464,0.498091105146667
"SRR13801344","SRR13801344",164,185.576923076923,2.711774032568,0.830687590576439,0.169312409423561,0.0360136684391264,0.531734324995831
"SRR13801347","SRR13801347",169,218.111111111111,2.66118862259018,0.821415315046137,0.178584684953863,0.0331336349745909,0.518760461068886
"SRR13801342","SRR13801342",169,216,2.52541504657498,0.750872930549712,0.249127069450288,0.0237515729477737,0.492293354492254
"SRR13801341","SRR13801341",174,235.894736842105,2.97572877916231,0.891698019072081,0.108301980927919,0.0530657554694836,0.576797224797216
"SRR13801340","SRR13801340",178,219.130434782609,3.04483589622679,0.857740600493352,0.142259399506648,0.0394910814158705,0.58760383691734
"SRR13801339","SRR13801339",165,203.076923076923,2.7184267674782,0.847123193024967,0.152876806975033,0.0396437247776627,0.532404190638862
"SRR13801338","SRR13801338",174,231.5,3.25734668713373,0.930786623682484,0.0692133763175163,0.0830349094720747,0.631384332637346
"SRR13801337","SRR13801337",153,200.045454545455,2.27995105462127,0.760058567747385,0.239941432252615,0.0272397628498654,0.453231128233499
"SRR13801336","SRR13801336",138,161.619047619048,2.18225307892579,0.7674134449246,0.2325865550754,0.0311556134843868,0.442894402920553
"SRR13801335","SRR13801335",192,248.4,3.12224763719161,0.887888199534666,0.112111800465334,0.0464566023533251,0.593865979189132
"SRR13801330","SRR13801330",163,217.05,2.73420928873732,0.823257215118387,0.176742784881613,0.0347112858341727,0.536777262517558
"SRR13801329","SRR13801329",189,232,3.30976260728193,0.921308394001665,0.0786916059983355,0.0672372259261961,0.631423568854604
"SRR13801328","SRR13801328",149,188.055555555556,2.68574188875993,0.845600250225107,0.154399749774893,0.0434677478801491,0.536724761728329
"SRR13801327","SRR13801327",183,239.894736842105,2.75306868144796,0.771699824151351,0.228300175848649,0.0239355088273765,0.528472214087054
"SRR13801320","SRR13801320",197,285.666666666667,3.32532271733911,0.913419107041592,0.0865808929584084,0.0586288955742021,0.62941406163291
"SRR13801319","SRR13801319",167,208.130434782609,3.19238195592127,0.926322159978649,0.0736778400213514,0.0812730659633958,0.623756509469832
"SRR13801318","SRR13801318",159,194.454545454545,2.47863366320693,0.806450218978239,0.193549781021761,0.0324945248860474,0.4889880661231
"SRR13801321","SRR13801321",197,262.619047619048,3.16091010238568,0.890048880983752,0.109951119016248,0.0461672621197203,0.598294191305157
"SRR13801317","SRR13801317",210,267.115384615385,3.69473863511817,0.955753473233622,0.0442465267663783,0.107622114319789,0.690978929055203
"SRR13801316","SRR13801316",208,276.142857142857,3.64355412965728,0.946535432165997,0.0534645678340033,0.0899229621123885,0.68262822208496
"SRR13801315","SRR13801315",179,215.12,3.05674648796221,0.868106985461333,0.131893014538667,0.0423569981951785,0.589265306721635
"SRR13801314","SRR13801314",179,260.052631578947,3.26310712097478,0.92570367212068,0.0742963278793203,0.0751933822065239,0.629046545429621
"SRR13801313","SRR13801313",189,236.222222222222,3.64474337796036,0.95907983406717,0.0409201659328304,0.129300680248716,0.695329890490506
"SRR13801312","SRR13801312",165,200.875,3.43249484432434,0.947217535582889,0.0527824644171111,0.114822339720866,0.67225450445364
"SRR13801310","SRR13801310",180,251.55,2.98089234085914,0.875586259883571,0.124413740116429,0.0446538746472581,0.574026017633505
"SRR13801309","SRR13801309",160,297.8,2.67403409283327,0.790718765522783,0.209281234477217,0.0298641204769861,0.526885224069921
"SRR13801307","SRR13801307",87,123.25,2.08466262098965,0.803895257871482,0.196104742128518,0.0586128247017629,0.466794785204333
"SRR13801306","SRR13801306",76,95.0909090909091,2.09344275362956,0.776169134754913,0.223830865245087,0.0587849880419069,0.48339220846397
"SRR13801305","SRR13801305",119,150.058823529412,2.9051203987072,0.902730774576791,0.0972692254232086,0.0863928062341983,0.607877240019963
"SRR13801308","SRR13801308",86,98.3529411764706,2.61406628707213,0.884374744462847,0.115625255537153,0.100565459706231,0.586857313364583
"SRR13801304","SRR13801304",105,132,2.79785619095802,0.899045430460201,0.100954569539799,0.0943375774590861,0.601177487655932
"SRR13801302","SRR13801302",101,126.588235294118,2.46531729599731,0.812119840846575,0.187880159153425,0.0526984336378204,0.534182647452217
"SRR13801301","SRR13801301",102,129.066666666667,2.5058291348549,0.856077038969543,0.143922961030457,0.0681192319726714,0.541804078860188
"SRR13801299","SRR13801299",74,89.5454545454545,2.44820241816456,0.86601175670252,0.13398824329748,0.100855964530491,0.568811661800865
"SRR13801298","SRR13801298",101,113.666666666667,2.77548729197604,0.900367187833469,0.0996328121665313,0.0993747931400439,0.601389992276014
"SRR13801297","SRR13801297",98,125.083333333333,2.56035137494309,0.864038814442073,0.135961185557927,0.0750514317066287,0.558423017579499
"SRR13801296","SRR13801296",86,105.090909090909,2.44485811068362,0.854554037537831,0.145445962462169,0.0799465779585918,0.54887011453731
"SRR13801294","SRR13801294",88,109.230769230769,1.7329559261017,0.664275620672872,0.335724379327128,0.0338481119137424,0.387050605730152
"SRR13801293","SRR13801293",76,97.1111111111111,1.72143752825184,0.738865127353854,0.261134872646146,0.0503873519591995,0.397493309559906
"SRR13801292","SRR13801292",106,128.894736842105,2.24126239226074,0.811582538559042,0.188417461440958,0.0500694691033566,0.480602908503833
"SRR13801295","SRR13801295",105,130.3,2.23941627410563,0.790857351675878,0.209142648324122,0.0455373860861218,0.481185078001327
"SRR13801291","SRR13801291",70,93.75,2.26104804587049,0.840252810380996,0.159747189619004,0.0894270147711871,0.532199735918693
"SRR13801290","SRR13801290",136,177.352941176471,2.56305237842229,0.830621199776542,0.169378800223458,0.0434112248213473,0.521724492771544
"SRR13801288","SRR13801288",74,89.3,2.34944667290838,0.862431949918705,0.137568050081295,0.0982314825682837,0.545866900716256
"SRR13801287","SRR13801287",74,95,2.13001169176258,0.75830430274924,0.24169569725076,0.0559112705241632,0.494883707759376
"SRR13801286","SRR13801286",65,76.3333333333333,1.61144173105746,0.713380578097548,0.286619421902452,0.0536761091851319,0.386030721844776
"SRR13801285","SRR13801285",72,79.8571428571429,2.39276649116537,0.840740412402372,0.159259587597628,0.0872091225300633,0.559493405511833
"SRR13801284","SRR13801284",88,121.833333333333,1.92855357705664,0.699705812730492,0.300294187269508,0.0378416794109894,0.43073676539597
"SRR13801283","SRR13801283",68,81.5714285714286,1.7008435154716,0.662692736576785,0.337307263423215,0.0435978822504332,0.403090510626432
"SRR13801279","SRR13801279",88,108,1.94991437237824,0.792654769716758,0.207345230283242,0.0548053907394599,0.435507636162835
"SRR13801282","SRR13801282",69,80.4,1.82111834459129,0.777013863384033,0.222986136615967,0.0649939670830221,0.430106881490575
"SRR13801277","SRR13801277",69,79.4615384615385,2.15796722836953,0.841746886765947,0.158253113234053,0.0915795798705957,0.509662953925812
"SRR13801276","SRR13801276",100,133.214285714286,2.2097825810914,0.837353973464944,0.162646026535056,0.0614832111981822,0.47984819058696
"SRR13801275","SRR13801275",95,114.090909090909,2.30294352464296,0.840619552612393,0.159380447387607,0.0660452142154809,0.505710536200629
"SRR13801274","SRR13801274",107,153.5,2.71196009153564,0.885996599196259,0.114003400803741,0.0819782070239494,0.580367950038113
"SRR13801220","SRR13801220",107,168.5,2.54440777538785,0.876665144583801,0.123334855416199,0.07577577612578,0.544511229819282
"SRR13801217","SRR13801217",74,81.5,1.74289338686096,0.772206207909171,0.227793792090829,0.0593234494648793,0.404941223963566
"SRR13801221","SRR13801221",107,149.5,2.42893527032369,0.858774924986409,0.141225075013591,0.0661765935803112,0.519799752220838
"SRR13801216","SRR13801216",72,93.0833333333333,2.25342899126437,0.844430662050542,0.155569337949458,0.0892778041737323,0.526912536203042
"SRR13801215","SRR13801215",92,132.6,2.08218481756642,0.764734360188128,0.235265639811872,0.046201243947408,0.460478145337187
"SRR13801214","SRR13801214",102,127.588235294118,2.24821680188925,0.814865394558745,0.185134605441255,0.0529556402773027,0.486103787557781
"SRR13801213","SRR13801213",106,118.666666666667,2.34744262716341,0.843581731472061,0.156418268527939,0.0603124069390008,0.503371563301262
"SRR13801212","SRR13801212",182,237,3.32098374704847,0.935823920575887,0.0641760794241133,0.085616097832879,0.638159008383969
"SRR13801211","SRR13801211",99,118.117647058824,2.65886898594539,0.89652529667326,0.10347470332674,0.097618159571952,0.57862886554907
"SRR13801210","SRR13801210",105,124.333333333333,2.50301761489351,0.872969598525042,0.127030401474958,0.0749726790849115,0.537825298577972
"SRR13801207","SRR13801207",88,129.333333333333,2.30528231310636,0.809545433509057,0.190454566490943,0.0596658645314065,0.514878019820142
"SRR13801203","SRR13801203",88,153,2.21735872088003,0.740443574973174,0.259556425026826,0.0437809865907264,0.495240544269494
"SRR13801202","SRR13801202",109,168.5,2.98629862162115,0.908146715967454,0.0918532840325456,0.0998800644226814,0.636554503436693
"SRR13801201","SRR13801201",147,173.037037037037,3.20437699245036,0.933682489918058,0.0663175100819423,0.102578053368257,0.642104053452156
"SRR13801200","SRR13801200",91,133.857142857143,2.45034773127268,0.843108357446659,0.156891642553341,0.070042041820519,0.543210828830438
"SRR13801193","SRR13801193",88,104.866666666667,1.87419629222563,0.668483511394358,0.331516488605642,0.0342777410904411,0.418596225811092
"SRR13801192","SRR13801192",149,190.130434782609,2.81741515345747,0.8502513000245,0.1497486999755,0.0448178140916829,0.563038646140137
"SRR13801191","SRR13801191",152,246.230769230769,3.24221593838483,0.931482329688934,0.0685176703110661,0.096018258334719,0.64536087690212
"SRR13801194","SRR13801194",108,130.235294117647,2.3608257100366,0.779063554738149,0.220936445261851,0.0419091528710228,0.504220320942741
"SRR13801190","SRR13801190",99,139.615384615385,1.99902657232406,0.77642981196687,0.22357018803313,0.0451804875680173,0.435032520917928
"SRR13801189","SRR13801189",118,162.4,2.2728467046344,0.819864189869636,0.180135810130364,0.0470454834330463,0.476419399634694
"SRR13801188","SRR13801188",62,102.625,1.73015110885735,0.748295396180111,0.251704603819889,0.0640792103652022,0.41921365951316
"SRR13801187","SRR13801187",74,91.7692307692308,2.42236261352543,0.865240728310788,0.134759271689212,0.100278914720458,0.56280808051676
"SRR13801184","SRR13801184",105,150.769230769231,2.01593812114041,0.669498389656654,0.330501610343346,0.0288162272913453,0.433166157307759
"SRR13801183","SRR13801183",102,142.6,2.82407005858512,0.909706811817242,0.0902931881827581,0.108578750689186,0.610613331709446
"SRR13801182","SRR13801182",117,161.4,2.44728967140475,0.794336976169358,0.205663023830642,0.0415583141189578,0.513901782024827
"SRR13801181","SRR13801181",92,115,2.65704354925814,0.88868516274873,0.11131483725127,0.0976470476514782,0.58760897463104
"SRR13801179","SRR13801179",108,157.6,2.67399586622018,0.87286497975794,0.12713502024206,0.0728301237662917,0.571106561629321
"SRR13801178","SRR13801178",105,142.1875,2.61763458019519,0.869176821312475,0.130823178687525,0.0727990989009479,0.562453133084082
"SRR13801177","SRR13801177",118,151,2.65235679865682,0.876078630628873,0.123921369371127,0.0683867222755283,0.555969846561361
"SRR13801176","SRR13801176",163,216.04,3.08978194146784,0.912328886850064,0.087671113149936,0.0699770894280912,0.606582933921352
"SRR13801127","SRR13801127",128,191,2.23316935559958,0.722499081825205,0.277500918174795,0.0281530600020537,0.460254622112674
"SRR13801125","SRR13801125",159,277.588235294118,2.42118130561474,0.745808193949787,0.254191806050213,0.0247423718090199,0.477653790449273
"SRR13801124","SRR13801124",206,269.030303030303,2.86728117687661,0.82915901911883,0.17084098088117,0.0284145461293936,0.53816588187109
"SRR13801123","SRR13801123",190,243.103448275862,3.26628132225751,0.93294126605086,0.0670587339491397,0.0784857927489154,0.622501684257112
"SRR13801122","SRR13801122",154,229,2.3316131031477,0.726328367137332,0.273671632862668,0.0237273641611406,0.462901537336371
"SRR13801121","SRR13801121",132,178.3125,2.73540159080893,0.86863643108076,0.13136356891924,0.0576701564831497,0.560211459358158
"SRR13801120","SRR13801120",148,189.25,2.62880552276817,0.841172294620833,0.158827705379167,0.0425414239954322,0.526054403686166
"SRR13801118","SRR13801118",64,77,1.98561623841235,0.754145780046752,0.245854219953248,0.0635539223323939,0.477439783377683
"SRR13801116","SRR13801116",66,141,2.26035164898969,0.825725322909059,0.174274677090941,0.0869404287784663,0.539507856415017
"SRR13801119","SRR13801119",67,78.6666666666667,2.27056366769016,0.828039561177334,0.171960438822666,0.0867953887331034,0.540007052410657
"SRR13801114","SRR13801114",65,80.3,1.3227689224583,0.619233635576619,0.380766364423381,0.0404043445589353,0.31687738509498
"SRR13801113","SRR13801113",61,82.8571428571429,1.36279602584751,0.596118321265335,0.403881678734665,0.040589715964117,0.331510056225374
"SRR13801112","SRR13801112",74,93,1.18534716880669,0.437523638408147,0.562476361591853,0.0240250336481149,0.275401775562892
"SRR13801111","SRR13801111",89,177,2.14154352252465,0.79601929988566,0.20398070011434,0.0550834223526125,0.477103366395537
"SRR13801110","SRR13801110",67,82,1.64493780134623,0.676841989974422,0.323158010025578,0.0461859915932365,0.391214756997978
"SRR13801109","SRR13801109",62,83,1.95358596085748,0.802182856015339,0.197817143984661,0.0815350577466388,0.473351671788641
"SRR13801108","SRR13801108",68,80.75,2.39274431737301,0.857200034366083,0.142799965633917,0.102982394201979,0.567067175736592
"SRR13801107","SRR13801107",81,132.666666666667,1.49636783933331,0.622270237799845,0.377729762200155,0.0326838926867612,0.340513176206007
"SRR13801105","SRR13801105",91,134.5,2.03389569817673,0.736923201342873,0.263076798657127,0.0417711141579351,0.450888726469613
"SRR13801106","SRR13801106",100,150.214285714286,2.12212937319505,0.809204762907646,0.190795237092354,0.0524122098245016,0.460814538331709
"SRR13800981","SRR13800981",93,108,2.16503008473591,0.798340085377357,0.201659914622643,0.0533209001509498,0.477657487277732
"SRR13800980","SRR13800980",53,66.75,1.59997707606306,0.727098418331538,0.272901581668462,0.069138201445911,0.402987264135851
"SRR13800979","SRR13800979",87,100.125,2.18701236790457,0.838942681658284,0.161057318341716,0.0713674671347489,0.489712799681029
"SRR13800978","SRR13800978",70,85.8333333333333,1.79200305629921,0.719126147757582,0.280873852242418,0.05086167392109,0.42179711973381
"SRR13801074","SRR13801074",187,227.285714285714,3.08051115259331,0.883581963654193,0.116418036345807,0.0459344080242281,0.588883041477656
"SRR13801073","SRR13801073",184,245.894736842105,3.25834113223458,0.917714691469034,0.0822853085309657,0.066048030999974,0.624809448032109
"SRR13801075","SRR13801075",256,364.243243243243,3.40578996803182,0.920908387966493,0.0790916120335075,0.0493889288581588,0.614189537148611
"SRR13801071","SRR13801071",150,203.8125,3.0590428469988,0.898274988386985,0.101725011613015,0.0655361602909239,0.610509978765186
"SRR13801069","SRR13801069",132,175.9375,2.18285364450585,0.779323704263442,0.220676295736558,0.0343297296634047,0.447049394817476
"SRR13801068","SRR13801068",177,237.055555555556,3.39616943449495,0.937046824647454,0.0629531753525455,0.0897447584253722,0.6561188547392
"SRR13801067","SRR13801067",148,181.3,2.54754084750022,0.783698519866269,0.216301480133731,0.0312376815571457,0.509792401830731
"SRR13801066","SRR13801066",189,228.260869565217,3.65540939227533,0.93660986100186,0.0633901389981396,0.0834673243287978,0.697364710996785
"SRR13801065","SRR13801065",209,324,3.41400744296749,0.928655531774477,0.0713444682255234,0.0670646108131421,0.63904789216659
"SRR13801064","SRR13801064",252,325.243902439024,3.54096347079918,0.923696000260169,0.0763039997398309,0.0520058448021635,0.640385004447689
"SRR13800971","SRR13800971",190,260.833333333333,3.45905944021202,0.93952493894079,0.0604750610592102,0.0870302204339036,0.659242151863759
"SRR13800970","SRR13800970",182,237.647058823529,3.35748278249963,0.922589441326012,0.0774105586739883,0.0709787603735739,0.645172649535085
"SRR13800969","SRR13800969",195,220.107142857143,3.57231265263032,0.941090253025364,0.0589097469746356,0.087051895341074,0.677472587083498
"SRR13800972","SRR13800972",213,313.625,3.18095574465259,0.89183484626963,0.10816515373037,0.0434043267987609,0.593318857904786
"SRR13800968","SRR13800968",199,236.935483870968,3.49536456629617,0.947178877648772,0.0528211223512279,0.0951347757195826,0.660336912767553
"SRR13800967","SRR13800967",182,212.441176470588,2.65647638842438,0.85217073094844,0.14782926905156,0.0371679135651351,0.510467520155433
"SRR13800966","SRR13800966",194,235.129032258065,3.33229014081577,0.92953993462314,0.0704600653768598,0.0731568889084596,0.632570209788694
"SRR13800965","SRR13800965",174,207.055555555556,3.18410606459335,0.898304147961152,0.101695852038848,0.0565128893810357,0.617187814419848
"SRR13800964","SRR13800964",177,237.055555555556,3.41364027780084,0.936088311138441,0.0639116888615586,0.0883988142820376,0.659494113224468
"SRR13800963","SRR13800963",169,216.3,3.05621402950209,0.895948867396797,0.104051132603203,0.0568678073488984,0.595764984718206
"SRR13800961","SRR13800961",192,241.038461538462,3.30693421874902,0.921218921796211,0.078781078203789,0.0661114756497816,0.628994223436389
"SRR13800960","SRR13800960",189,220.888888888889,3.49569025118016,0.945958436114969,0.0540415638850309,0.0979062208906737,0.6668941177697
"SRR13800933","SRR13800933",204,306.214285714286,3.60459169048868,0.946505569009611,0.0534944309903889,0.0916349738385747,0.677794351135557
"SRR13800932","SRR13800932",185,266.058823529412,3.4519751781741,0.940563504471109,0.0594364955288913,0.0909442146160503,0.661252852073987
"SRR13800935","SRR13800935",201,276.315789473684,3.32372172581877,0.888162537968033,0.111837462031967,0.0444853118777622,0.626726500444644
"SRR13800930","SRR13800930",215,306.12,3.49104951577206,0.932401853016671,0.0675981469833287,0.0688060693711732,0.650025098971179
"SRR13800929","SRR13800929",192,261.391304347826,2.86528118903191,0.870189667003917,0.129810332996083,0.040122640571999,0.54498976913541
"SRR13800928","SRR13800928",206,271.555555555556,2.94654254609578,0.817499586840886,0.182500413159114,0.0265992216017973,0.553042610741682
"SRR13800926","SRR13800926",174,226.555555555556,3.29080693224666,0.91975259782099,0.0802474021790098,0.071617601077744,0.63787006368156
"SRR13800925","SRR13800925",180,267.352941176471,3.10244889912001,0.902798709348778,0.0972012906512216,0.0571551624297875,0.597433983798299
"SRR13800924","SRR13800924",167,215.75,3.09666481753661,0.900347643882955,0.0996523561170455,0.0600891357256285,0.605054427776719
"SRR13800923","SRR13800923",175,257.65,2.98159969319137,0.88601411057592,0.11398588942408,0.0501315184112476,0.577293949496682
"SRR13801588","SRR13801588",145,201,2.91631848051225,0.913555347920625,0.0864446520793747,0.0797799697059966,0.585990457085176
"SRR13801576","SRR13801576",64,74.9090909090909,1.83998323895543,0.725536309454847,0.274463690545153,0.0569292060780968,0.442422449026635
"SRR13801574","SRR13801574",48,61.125,1.71369962813643,0.744873426340649,0.255126573659351,0.0816588136410686,0.442679060918752
"SRR13801572","SRR13801572",81,112.5,2.22962828523125,0.846860913209068,0.153139086790932,0.0806174260997143,0.507373781503553
"SRR13801569","SRR13801569",95,114.714285714286,2.41151798326193,0.843828219775945,0.156171780224055,0.0674021630180042,0.529552739493219
"SRR13801175","SRR13801175",84,115,2.1169015429988,0.810534494212723,0.189465505787277,0.0628333999653111,0.477767788447364
"SRR13801174","SRR13801174",72,111,1.73693199295702,0.749003414875385,0.250996585124615,0.0553349715176139,0.406141593619808
"SRR13801173","SRR13801173",74,108.5,1.27789523276326,0.478933907988019,0.521066092011981,0.0259343559688063,0.296904253325763
"SRR13801168","SRR13801168",168,230.666666666667,2.9739591562923,0.898090122159072,0.101909877840928,0.0584082826757193,0.580402041904801
"SRR13801167","SRR13801167",105,116,2.49378297877211,0.86488684599883,0.13511315400117,0.0704876560259042,0.535841045291179
"SRR13801172","SRR13801172",67,88.1111111111111,1.70009483639996,0.709882425938981,0.290117574061019,0.051445946294826,0.404332727809771
"SRR13801166","SRR13801166",83,101.75,1.67125433396967,0.707341086965733,0.292658913034267,0.041168036353889,0.378211047264503
"SRR13801165","SRR13801165",153,271.1875,3.08826109000613,0.920533632715385,0.0794663672846151,0.0822479740266632,0.613914958948802
"SRR13801164","SRR13801164",123,145.037037037037,2.73857317285709,0.902035303097747,0.0979646969022525,0.0829899092009141,0.569091491642395
"SRR13801162","SRR13801162",114,129,2.31484378945736,0.788654963436396,0.211345036563604,0.0415052558942944,0.488755658083133
"SRR13801161","SRR13801161",152,177.107142857143,2.68256659731769,0.846537265388555,0.153462734611445,0.0428699995805392,0.533963056284191
"SRR13801160","SRR13801160",134,207.666666666667,2.59681656926662,0.85454563363911,0.14545436636089,0.051306033320776,0.530196305990376
"SRR13801158","SRR13801158",112,140.05,2.86522901054864,0.919088201223264,0.0809117987767363,0.110349436838111,0.607233166458767
"SRR13801157","SRR13801157",87,122.769230769231,2.39998023205717,0.879956893080988,0.120043106919012,0.0957510445086857,0.537400270738262
"SRR13801153","SRR13801153",145,188.04347826087,2.88674904742881,0.902560468592012,0.0974395314079884,0.0707777595446495,0.580048923016073
"SRR13801152","SRR13801152",140,201.5,3.06450240899837,0.926199775760529,0.0738002242394706,0.0967863880694948,0.620138437167665
"SRR13801373","SRR13801373",129,175.866666666667,2.87777403743744,0.904004786078954,0.0959952139210465,0.0807533799640458,0.592157432837251
"SRR13801372","SRR13801372",95,121.25,2.60275168326007,0.850284133861364,0.149715866138636,0.0703086189925013,0.571546342866833
"SRR13801371","SRR13801371",153,178.869565217391,3.02852494970824,0.911612718327426,0.0883872816725744,0.0739466989903632,0.602040020577361
"SRR13801365","SRR13801365",67,90.3333333333333,1.39367768186298,0.60986338622239,0.39013661377761,0.0382567864877104,0.331457685024511
"SRR13801364","SRR13801364",125,156,2.52120779002635,0.826536865910206,0.173463134089794,0.046119309684897,0.522171492409069
"SRR13801366","SRR13801366",132,163.071428571429,3.06293337999394,0.916237833304486,0.0837621666955135,0.0904436677634719,0.627290115092675
"SRR13801362","SRR13801362",104,133.0625,2.56257531027973,0.863490391646697,0.136509608353303,0.0704374199836457,0.551757026040483
"SRR13801361","SRR13801361",150,179.333333333333,2.94021444794815,0.88575826071974,0.11424173928026,0.058355787548996,0.586794742657172
"SRR13801360","SRR13801360",96,136.071428571429,2.4672821464887,0.828632446460129,0.171367553539871,0.0607855247477937,0.540555199338387
"SRR13801358","SRR13801358",109,163.090909090909,2.56777336922682,0.848173563101397,0.151826436898603,0.0604263138489678,0.54734234887026
"SRR13801356","SRR13801356",104,130.105263157895,2.22391610981679,0.787527433843337,0.212472566156663,0.0452547111813714,0.478839132646637
"SRR13801355","SRR13801355",121,191,2.61567994575748,0.839331039498949,0.160668960501051,0.0514378308302014,0.545411631489841
"SRR13801354","SRR13801354",121,150.076923076923,3.01047111193671,0.914617893878225,0.0853821061217751,0.0967938504366509,0.627731983562288
"SRR13801352","SRR13801352",185,275.033333333333,1.92940724533108,0.596962561295692,0.403037438704308,0.0134116706943722,0.369593052654056
"SRR13801351","SRR13801351",171,202.363636363636,2.20475698600163,0.672466900756288,0.327533099243712,0.0178545412047743,0.428802266381913
"SRR13801353","SRR13801353",124,178.05,1.70717373606794,0.664481574823389,0.335518425176611,0.0240359858770416,0.354164733498022
"SRR13801424","SRR13801424",183,256.2,2.79549428545012,0.837340800842297,0.162659199157703,0.0335946623530279,0.536616127470723
"SRR13801422","SRR13801422",180,237.033333333333,3.07294793573352,0.900177611513482,0.099822388486518,0.0556544041851482,0.591753027026738
"SRR13801421","SRR13801421",182,239.24,2.89912470900313,0.879785922601891,0.120214077398109,0.0457060072616081,0.557094731680992
"SRR13801420","SRR13801420",143,225.875,2.23078895355532,0.776366665462759,0.223633334537241,0.0312699670086191,0.449498043914885
"SRR13801419","SRR13801419",141,201.2,2.93428295013416,0.883339911827076,0.116660088172924,0.0607937015361039,0.592932980207681
"SRR13801418","SRR13801418",111,171.545454545455,2.61778295011828,0.877284863710652,0.122715136289348,0.0734139999467287,0.55584800143947
"SRR13801417","SRR13801417",103,126.882352941176,2.17724393904448,0.794762408884148,0.205237591115852,0.0473048714482198,0.469767260302343
"SRR13801416","SRR13801416",174,270.315789473684,2.85472576445809,0.88764503370237,0.11235496629763,0.0511515122665551,0.553342734064651
"SRR13801410","SRR13801410",76,104.111111111111,2.27861624200444,0.861888295847254,0.138111704152746,0.0952699470154249,0.526150206665412
"SRR13801409","SRR13801409",127,164,2.60687662578299,0.85602749505499,0.14397250494501,0.0546911075211127,0.538145323303105
"SRR13801408","SRR13801408",115,144.0625,2.58394451411254,0.849051790061698,0.150948209938302,0.0576068585209938,0.544569330858662
"SRR13801407","SRR13801407",130,190.545454545455,3.00826884315077,0.897615575496639,0.102384424503361,0.0751316201621584,0.6180272320146
"SRR13801472","SRR13801472",194,241.833333333333,3.49872281548679,0.925505125127407,0.074494874872593,0.0691945477332985,0.664164202953576
"SRR13801471","SRR13801471",203,239.029411764706,3.18924021218131,0.890368698189964,0.109631301810036,0.0449334112890494,0.600247802317741
"SRR13801470","SRR13801470",179,237.8,2.85046557706252,0.867448588856415,0.132551411143585,0.0421466065926625,0.549499436470105
"SRR13801402","SRR13801402",156,193.84,2.377074194103,0.804444345161176,0.195555654838824,0.0327797036375128,0.470721183077397
"SRR13801469","SRR13801469",185,270.555555555556,2.75688572853238,0.78634561115575,0.21365438884425,0.0252997630174863,0.528103029929194
"SRR13801468","SRR13801468",180,240.272727272727,2.79905218812025,0.876658499640626,0.123341500359374,0.0450420623988568,0.539009329076251
"SRR13801466","SRR13801466",201,273.526315789474,3.28667051411399,0.922643890772144,0.0773561092278561,0.0643145632293241,0.619740062299541
"SRR13801465","SRR13801465",171,225.05,2.87316975436022,0.88127802504784,0.11872197495216,0.0492575466229461,0.558801586837888
"SRR13801464","SRR13801464",195,273.157894736842,2.78465108998036,0.776750704090361,0.223249295909639,0.0229707561106074,0.528096211473767
"SRR13801463","SRR13801463",173,210.142857142857,3.15802714659199,0.919920265372451,0.0800797346275494,0.0721823923080368,0.612817475720536
"SRR13801461","SRR13801461",194,236,3.13006064420851,0.904720466002829,0.0952795339971709,0.0541001719782843,0.594180889024746
"SRR13801459","SRR13801459",129,178.5,2.7325958110164,0.880458312675378,0.119541687324622,0.0648471521356838,0.562284216683735
"SRR13801458","SRR13801458",112,172.545454545455,2.27844284587218,0.779730824296601,0.220269175703399,0.0405348201810775,0.482874513276467
"SRR13801457","SRR13801457",125,173.75,2.75589903741243,0.873513526211799,0.126486473788201,0.0632478695974706,0.570778782687849
"SRR13801460","SRR13801460",117,154.1875,2.71270801944389,0.879448984895028,0.120551015104972,0.0708995153592533,0.569636484636107
"SRR13801456","SRR13801456",125,156.058823529412,2.82654164329561,0.885208274408323,0.114791725591677,0.0696914342803468,0.585409688989031
"SRR13801455","SRR13801455",122,157.428571428571,3.02627315800247,0.928599987867116,0.0714000121328845,0.114799998860228,0.62994585781847
"SRR13801454","SRR13801454",117,148,3.04926899114726,0.932160817474981,0.067839182525019,0.125989262088417,0.640310293764345
"SRR13801452","SRR13801452",94,121.789473684211,2.6845900352393,0.887329946132182,0.112670053867818,0.094419923547929,0.590890568165593
"SRR13801450","SRR13801450",119,214.666666666667,2.5940170927238,0.871522877132186,0.128477122867814,0.0654074527586035,0.542780929696153
"SRR13801449","SRR13801449",143,190.045454545455,2.86893703926043,0.909979176311606,0.0900208236883937,0.0776821040564262,0.578083186761014
"SRR13801544","SRR13801544",125,154.526315789474,3.06394530035973,0.925651782932065,0.0743482170679353,0.107601773324168,0.634578750897747
"SRR13801542","SRR13801542",140,181.052631578947,3.06919894574555,0.915381964623573,0.0846180353764266,0.0844129399965606,0.621088837124914
"SRR13801541","SRR13801541",98,127,2.28815018774893,0.794305471321129,0.205694528678871,0.0496079390064069,0.499054834825653
"SRR13801540","SRR13801540",119,154.285714285714,2.49680283693987,0.846604105699313,0.153395894300687,0.0547821790331984,0.522439489278458
"SRR13801543","SRR13801543",132,226.714285714286,2.22471992539432,0.802887904030135,0.197112095969865,0.0384337528272022,0.455623627717404
"SRR13801539","SRR13801539",143,203.055555555556,3.01422710248048,0.870619809810782,0.129380190189218,0.0540500596171619,0.607358748267447
"SRR13801538","SRR13801538",180,214.027777777778,3.18695519788539,0.926574061956825,0.0734259380431752,0.0756620303888911,0.613707236434877
"SRR13801537","SRR13801537",137,184.142857142857,2.75643645925365,0.88254969127594,0.11745030872406,0.0621477299829135,0.560253484883113
"SRR13801535","SRR13801535",170,238.44,2.81967152014967,0.853269179143134,0.146730820856866,0.0400894161623659,0.549023010678968
"SRR13801534","SRR13801534",88,130.272727272727,1.82500733764648,0.663771425837509,0.336228574162491,0.0337973546476291,0.407610017576748
"SRR13801533","SRR13801533",125,186.75,2.53314463924845,0.826712761464833,0.173287238535167,0.0461661231815203,0.524643752885823
"SRR13801532","SRR13801532",93,150.272727272727,2.20019410536011,0.774318635344437,0.225681364655563,0.0476454411220611,0.485415512375101
"SRR13801531","SRR13801531",101,184.25,2.1718195172481,0.769784438825168,0.230215561174832,0.0430074754655304,0.470587823074785
"SRR13801529","SRR13801529",86,132.428571428571,2.52479899917561,0.838806088988141,0.161193911011859,0.0721361427596897,0.566816826631184
"SRR13801528","SRR13801528",121,188.5625,2.62153942486906,0.872400635037675,0.127599364962325,0.0647688396596452,0.546633427783044
"SRR13801527","SRR13801527",110,143.066666666667,2.78170067458237,0.902715745278846,0.097284254721154,0.093446869865698,0.591790723098451
"SRR13801530","SRR13801530",91,110.333333333333,1.82864080465268,0.679629289564891,0.320370710435109,0.0343009227469213,0.405386335356008
"SRR13801526","SRR13801526",120,176.4375,2.70554862837571,0.89588093262481,0.10411906737519,0.0800365729679891,0.565128625538579
"SRR13801522","SRR13801522",119,164,2.48491674806354,0.846548385896397,0.153451614103603,0.054762287080697,0.519952403750441
"SRR13801521","SRR13801521",94,127.214285714286,1.84853415970851,0.731887722036867,0.268112277963133,0.0396785180938385,0.406870838960819
"SRR13800958","SRR13800958",135,272.8,2.50780362712611,0.849017021373733,0.150982978626267,0.0490612085865866,0.51124630941153
"SRR13800956","SRR13800956",95,124,2.28398502613604,0.814541238595519,0.185458761404481,0.0567582556346099,0.501547380507533
"SRR13800954","SRR13800954",139,172.681818181818,2.4418953346598,0.800683639571403,0.199316360428597,0.0360946015111178,0.494864370093152
"SRR13800953","SRR13800953",148,204,2.96893971852492,0.907904253717377,0.0920957462826233,0.0733666540474262,0.594119192036761
"SRR13800951","SRR13800951",131,168.1875,2.51326264164325,0.838285653129901,0.161714346870099,0.0472041469047358,0.515520188215272
"SRR13800955","SRR13800955",198,271.666666666667,3.63242465422404,0.953907175772506,0.0460928242274941,0.109572479776417,0.686883743415463
"SRR13800950","SRR13800950",211,346.714285714286,3.48596281266946,0.935634051096642,0.0643659489033577,0.0736311135567484,0.651355608786533
"SRR13800949","SRR13800949",156,207.272727272727,2.87237131221951,0.882186564675388,0.117813435324612,0.0544102325222434,0.56880261696491
"SRR13800948","SRR13800948",143,176.47619047619,2.86568331808666,0.895352757362167,0.104647242637833,0.0668245700195719,0.577427570594041
"SRR13800947","SRR13800947",133,200.5625,2.07009060839757,0.739538084201906,0.260461915798094,0.02886716458889,0.423301190594198
"SRR13800946","SRR13800946",103,138.769230769231,2.43351297229868,0.826627080785779,0.173372919214221,0.0559991601230495,0.525060468147941
"SRR13800945","SRR13800945",148,209.894736842105,2.89227561955384,0.914546323931442,0.0854536760685577,0.0790692345562285,0.578777818732774
"SRR13800944","SRR13800944",161,233.545454545455,2.82284307855468,0.883549833399548,0.116450166600452,0.0533376662786114,0.555524196815876
"SRR13800943","SRR13800943",178,206.5,3.54880052851541,0.951543940820292,0.0484560591797075,0.115939629082395,0.684860819459619
"SRR13800940","SRR13800940",135,241.4,2.73145244817677,0.89360638812003,0.10639361187997,0.0696226707273009,0.556839845177096
"SRR13800938","SRR13800938",168,233.045454545455,3.01171512608356,0.908684174606592,0.091315825393408,0.0651845496302183,0.587770549947212
"SRR13800937","SRR13800937",98,119.368421052632,1.5673701204581,0.611212915549339,0.388787084450661,0.0262459377915575,0.341849779251338
"SRR13800936","SRR13800936",128,198.909090909091,2.63229072979736,0.836817452935431,0.163182547064569,0.0478758307217052,0.54251325457952
"SRR13801151","SRR13801151",125,171.75,2.84939213342945,0.908168761543634,0.0918312384563656,0.0871163248419138,0.590142291586353
"SRR13801150","SRR13801150",88,98.9090909090909,2.49313824278667,0.838320030938855,0.161679969061145,0.0702847509782664,0.556835088824386
"SRR13801149","SRR13801149",120,166.866666666667,2.5239283514284,0.842485706727231,0.157514293272769,0.0529052517088238,0.527192209831724
"SRR13801147","SRR13801147",178,197.568181818182,3.0942436958869,0.920450668645453,0.0795493313545474,0.0706225612764844,0.597138739172631
"SRR13801145","SRR13801145",176,223,3.27264578627999,0.92498934072939,0.0750106592706103,0.0757468103475842,0.6329476678432
"SRR13801143","SRR13801143",154,220.352941176471,2.95569058904925,0.859031771584065,0.140968228415935,0.0460636170750975,0.58680135041035
"SRR13801142","SRR13801142",132,186.666666666667,2.44655315625013,0.815465002960518,0.184534997039482,0.0410532294540135,0.501055171812952
"SRR13801141","SRR13801141",143,184.130434782609,2.46213378499643,0.81524079476022,0.18475920523978,0.0378493021981313,0.496113412453834
"SRR13801144","SRR13801144",119,136.222222222222,2.14593369296141,0.732469525899721,0.267530474100279,0.0314108565493289,0.449022440214086
"SRR13801140","SRR13801140",131,200.461538461538,2.52200134480779,0.827199777167694,0.172800222832306,0.0441757982781512,0.51731267015707
"SRR13801139","SRR13801139",145,197.105263157895,2.83631397597735,0.879973544526826,0.120026455473174,0.0574585969147387,0.569914751878575
"SRR13801138","SRR13801138",160,205.315789473684,3.2799250254483,0.926646960892242,0.0733530391077577,0.0852043770240872,0.646268511159786
"SRR13801136","SRR13801136",125,186.875,2.07613628384371,0.694482985114858,0.305517014885142,0.0261851209923859,0.429992000686289
"SRR13801134","SRR13801134",176,233.037037037037,2.88564055123055,0.899843898558454,0.100156101441546,0.0567296260541276,0.558098730022131
"SRR13801133","SRR13801133",148,206.235294117647,2.6133477628566,0.811059522899334,0.188940477100666,0.0357612982693847,0.522961127062173
"SRR13801132","SRR13801132",163,202,3.351304023718,0.935917164763789,0.0640828352362105,0.0957349858591582,0.657924690375906
"SRR13801130","SRR13801130",116,214.272727272727,2.29771677495443,0.820957068038433,0.179042931961567,0.0481487292501606,0.483364506105995
"SRR13801129","SRR13801129",144,185.25,3.00565059831321,0.914435646539681,0.085564353460319,0.0811604852208107,0.60478139059462
"SRR13801128","SRR13801128",138,183.041666666667,3.08821305540427,0.927786939981779,0.0722130600182213,0.100347178332642,0.626761529390533
"SRR13801131","SRR13801131",106,128.894736842105,2.3719553666781,0.805096976300693,0.194903023699307,0.0484033653510963,0.508627928618788
"SRR13801397","SRR13801397",131,176.15,2.56266615903865,0.879301134909389,0.120698865090611,0.0632449011059785,0.525653832890594
"SRR13801396","SRR13801396",221,322.935483870968,3.26080077014505,0.910424543855921,0.0895754561440787,0.0505148069863015,0.604057519279336
"SRR13801395","SRR13801395",121,151.565217391304,2.31216293960661,0.818278862779734,0.181721137220266,0.0454788195602141,0.48212342003333
"SRR13801393","SRR13801393",148,235,2.8475699159733,0.909533339712479,0.0904666602875213,0.0746878102417225,0.569831690145191
"SRR13801392","SRR13801392",120,137.4,2.42504988266376,0.844987977343402,0.155012022656598,0.0537592709940593,0.506538708149197
"SRR13801391","SRR13801391",108,213.111111111111,2.02298461209379,0.723712956591635,0.276287043408365,0.0335131866664252,0.432064911033327
"SRR13801390","SRR13801390",126,174.75,2.68277860940166,0.879742124608789,0.120257875391211,0.06599574381877,0.554719237012536
"SRR13801389","SRR13801389",124,179.647058823529,1.9676079231487,0.650632379697994,0.349367620302006,0.0230831813264807,0.408193566365191
"SRR13801387","SRR13801387",92,120.111111111111,2.5983863764603,0.880041537930665,0.119958462069335,0.0906110751162244,0.574636857116401
"SRR13801386","SRR13801386",76,118,2.43020190074887,0.862832972239304,0.137167027760696,0.0959260760523117,0.561152513857663
"SRR13801385","SRR13801385",81,96.4,2.45161148035839,0.880692468746487,0.119307531253513,0.103477784534094,0.557888234467725
"SRR13801388","SRR13801388",92,110.4,2.57672088361939,0.865226031260002,0.134773968739998,0.0806503312101799,0.569845502440757
"SRR13801384","SRR13801384",61,118.75,1.13275914312502,0.402508598947347,0.597491401052653,0.0274371189176431,0.275551909533672
"SRR13801382","SRR13801382",120,141.9375,2.87731019016003,0.91031081760788,0.0896891823921201,0.0929134719603095,0.60100577604088
"SRR13801381","SRR13801381",81,98.5,2.02448846641472,0.731055052025215,0.268944947974785,0.0459041119950806,0.460692203996072
"SRR13801380","SRR13801380",110,145.0625,2.64022960463711,0.882837495491211,0.117162504508789,0.0775923076160181,0.561693571544578
"SRR13801379","SRR13801379",87,106.714285714286,2.83797105810769,0.910502954185384,0.089497045814616,0.128431645636353,0.635474573749777
"SRR13801378","SRR13801378",89,114,2.30462024412017,0.82693351038589,0.17306648961411,0.0649227651247379,0.513434382802923
"SRR13801377","SRR13801377",75,100.090909090909,2.08454038393789,0.813394477755154,0.186605522244846,0.0714519761952092,0.482813230545413
"SRR13801376","SRR13801376",106,135,3.0568431659285,0.93068042185539,0.0693195781446099,0.136093763358895,0.655491173839493
"SRR13801375","SRR13801375",75,88.2,1.92871503921576,0.69631202526767,0.30368797473233,0.0439047128721027,0.446721563209126
"SRR13801445","SRR13801445",72,100.111111111111,2.34420278530752,0.82358197694408,0.17641802305592,0.0787271541099089,0.548137899959995
"SRR13801444","SRR13801444",95,121.25,2.306499681063,0.801731508022166,0.198268491977834,0.0530912182993278,0.506491443656997
"SRR13801443","SRR13801443",58,73,1.5779168335441,0.706348058840112,0.293651941159888,0.0587136568627592,0.388607063181453
"SRR13801441","SRR13801441",84,109.090909090909,2.07937625578401,0.750120683894425,0.249879316105575,0.0476420461297088,0.469298630520413
"SRR13801435","SRR13801435",117,140.4,2.80294148566207,0.879715779363496,0.120284220636504,0.0710567728816017,0.588584441483888
"SRR13801434","SRR13801434",100,131.071428571429,2.63171968071728,0.885131329875149,0.114868670124851,0.0870559395275573,0.57147066762585
"SRR13801433","SRR13801433",103,144.333333333333,2.74136566809836,0.899131756089621,0.100868243910379,0.0962516792966464,0.591483488044357
"SRR13801437","SRR13801437",94,123,2.16328552222205,0.768346336314489,0.231653663685511,0.0459232878215248,0.476149056113235
"SRR13801432","SRR13801432",111,181.3,2.77999253995039,0.894158113843043,0.105841886156957,0.0851176158713685,0.590290840299895
"SRR13801431","SRR13801431",107,130.4,2.64203541885957,0.87866099235425,0.12133900764575,0.077022175917315,0.56540385116927
"SRR13801430","SRR13801430",119,161.5,2.81822564711526,0.898618961916033,0.101381038083967,0.0828888863574059,0.589695087640518
"SRR13801429","SRR13801429",114,147,2.68027237533332,0.852325616756264,0.147674383243736,0.0594004839016891,0.565912177147454
"SRR13801428","SRR13801428",80,119.428571428571,2.51291625656054,0.866179736957188,0.133820263042812,0.0934088733333382,0.57345983173093
"SRR13801427","SRR13801427",69,81.2142857142857,2.17095084266372,0.82266425165979,0.17733574834021,0.0817249412982696,0.512729389378034
"SRR13801426","SRR13801426",70,83.1538461538462,1.95290455821328,0.800650160784172,0.199349839215828,0.0716615290080456,0.459669705848901
"SRR13801007","SRR13801007",53,57.5,2.01454555032381,0.81480738811362,0.18519261188638,0.101882706529771,0.507404894699909
"SRR13801005","SRR13801005",195,238,3.57064753043671,0.943149188668074,0.0568508113319265,0.0902046076046977,0.67715680435393
"SRR13801004","SRR13801004",193,275.65,3.2865367434745,0.921358876025842,0.0786411239741576,0.0658859752813518,0.624497476671413
"SRR13801003","SRR13801003",205,250.724137931034,3.53603967966207,0.945160554335231,0.0548394456647687,0.0889514604196971,0.664293265186481
"SRR13801006","SRR13801006",219,308.375,3.73012942027838,0.957103432527482,0.0428965674725185,0.10644697967005,0.692165479936076
"SRR13801002","SRR13801002",227,319.125,3.70694887180382,0.953429814781199,0.0465701852188007,0.0945945635155835,0.683314843428698
"SRR13801001","SRR13801001",238,328.617647058824,3.52354422592745,0.939905967800013,0.0600940321999874,0.0699184348004158,0.643890705713834
"SRR13801000","SRR13801000",169,219.166666666667,3.26778177595293,0.911273533066254,0.0887264669337464,0.0666899062681269,0.637007075100105
"SRR13800999","SRR13800999",189,238.5,2.87504261296117,0.857228158110872,0.142771841889128,0.0370591653157639,0.548489388118334
"SRR13800998","SRR13800998",236,324.75,3.7350070123138,0.957766617400276,0.0422333825997238,0.100330304483377,0.683587479555714
"SRR13800995","SRR13800995",221,282.875,3.7471635072025,0.958455522111947,0.0415444778880526,0.108916686593607,0.694155347735063
"SRR13800994","SRR13800994",292,473.666666666667,3.66752095211233,0.947537880475765,0.0524621195242345,0.065278672789127,0.646059540339214
"SRR13800991","SRR13800991",185,240,3.01335607162647,0.886712455015689,0.113287544984311,0.0477140307538132,0.577231930656998
"SRR13800990","SRR13800990",229,315.25,2.94442270699717,0.805514825962684,0.194485174037316,0.0224531882632677,0.541879526606478
"SRR13800989","SRR13800989",196,266.8,3.09327145173905,0.882925482356425,0.117074517643575,0.0435794305970095,0.586056130161828
"SRR13800992","SRR13800992",176,246.5,2.72991125466916,0.865723268448981,0.134276731551019,0.0423142425064119,0.527979828830129
"SRR13800988","SRR13800988",201,276.64,2.5272327395113,0.786639591259382,0.213360408740618,0.0233179361038707,0.476539211552939
"SRR13800987","SRR13800987",156,210.05,2.24197618469609,0.67548890364848,0.32451109635152,0.0197535815641652,0.443968339191756
"SRR13800986","SRR13800986",220,291.5,3.15928936398205,0.897830715303898,0.102169284696102,0.044489442780918,0.585744814010867
"SRR13800984","SRR13800984",165,227.666666666667,2.19468492326326,0.678185245693256,0.321814754306744,0.0188325922895048,0.429829291065006
"SRR13801271","SRR13801271",205,282.538461538462,2.94953962173642,0.87560750415778,0.12439249584222,0.03921497633326,0.554111232797996
"SRR13801270","SRR13801270",233,348.625,2.95227555910756,0.819393434733603,0.180606565266397,0.023763507640111,0.541598740177
"SRR13801269","SRR13801269",191,244.103448275862,2.88312565351616,0.875605393411125,0.124394606588875,0.0420886583253928,0.548929086235411
"SRR13801268","SRR13801268",191,280.444444444444,3.02716957626686,0.907656475512759,0.092343524487241,0.0566970139304596,0.576354147920417
"SRR13801266","SRR13801266",276,384.181818181818,4.00023816937138,0.965430679874625,0.0345693201253752,0.104809362540444,0.711735384173697
"SRR13801265","SRR13801265",246,309.030303030303,3.80291390069571,0.959300758883781,0.0406992411162191,0.0998800110006605,0.690769279901626
"SRR13801264","SRR13801264",311,406.232558139535,3.85446867191022,0.947948010277304,0.0520519897226963,0.0617735095378929,0.671534449218793
"SRR13801267","SRR13801267",229,263.894736842105,3.73652074807411,0.952908128110127,0.0470918718898734,0.0927296378722476,0.687654014252114
"SRR13801263","SRR13801263",189,267.791666666667,2.83521392615339,0.841262704935911,0.158737295064089,0.0333318347705817,0.540891026981608
"SRR13801261","SRR13801261",219,304.2,2.446045120714,0.755302195598671,0.244697804401329,0.0186606089778111,0.453889879991871
"SRR13801260","SRR13801260",250,347.676470588235,3.44664666461052,0.907966520743715,0.0920334792562855,0.0434624446703923,0.624227304310064
"SRR13801259","SRR13801259",257,332.085714285714,3.91102391824574,0.957430051028473,0.042569948971527,0.0914036938653632,0.70480632422606
"SRR13801258","SRR13801258",224,299.677419354839,2.87591137388414,0.809232241702069,0.190767758297931,0.0234016783240364,0.531430057754483
"SRR13801257","SRR13801257",270,359.25,3.81021626642922,0.95650499676274,0.04349500323726,0.0851523951728535,0.680587546693411
"SRR13801256","SRR13801256",230,287.972972972973,3.32116026449164,0.920203906726262,0.0797960932737384,0.0544867036540426,0.610723028449041
"SRR13801254","SRR13801254",201,310.772727272727,3.23935680615003,0.9225680797881,0.0774319202119003,0.0642515950075179,0.610818510779457
"SRR13801253","SRR13801253",244,336.5,3.72520120610144,0.946558650379207,0.0534413496207926,0.0766889437639341,0.677658214817094
"SRR13801252","SRR13801252",240,309.25641025641,3.53455383690159,0.924843230155346,0.0751567698446538,0.0554396719720527,0.644916384082147
"SRR13801255","SRR13801255",215,312.533333333333,2.9648904115583,0.876558395526093,0.123441604473907,0.0376790532699275,0.552055527859124
"SRR13801249","SRR13801249",209,282.75,3.28641690751265,0.903606812614635,0.096393187385365,0.0496372111452946,0.615164973308057
"SRR13801103","SRR13801103",211,328.3,3.44750389454744,0.933374789961164,0.0666252100388361,0.0711342822053156,0.644169521793407
"SRR13801102","SRR13801102",181,238.24,3.06889759460456,0.900239839451919,0.0997601605480811,0.0553814453394974,0.590343242700147
"SRR13801101","SRR13801101",198,280.5,3.17995873158127,0.926805833665971,0.0731941663340286,0.0690014696998745,0.601323403890902
"SRR13801100","SRR13801100",223,366.884615384615,3.14566162275009,0.901671277475472,0.0983287225245281,0.0456052394214398,0.581757294886279
"SRR13801099","SRR13801099",208,265,3.75493409765692,0.95744361453013,0.0425563854698702,0.112972289695424,0.703495514521376
"SRR13801097","SRR13801097",234,274.529411764706,3.56512630302544,0.928012320819107,0.0719876791808927,0.0593643846020608,0.65351355633108
"SRR13801095","SRR13801095",225,300.027777777778,3.28596041529225,0.914364447927958,0.0856355520720418,0.0518995246355802,0.606702271242021
"SRR13801098","SRR13801098",244,371.217391304348,3.66437002982813,0.940594266649218,0.0594057333507821,0.0689893117140308,0.666592303464151
"SRR13801093","SRR13801093",195,229.870967741935,2.99246437397933,0.860347568052427,0.139652431947573,0.0367212017484257,0.567507040488813
"SRR13801092","SRR13801092",201,245.71875,3.39653469744871,0.934600996960368,0.0653990030396315,0.0760733978634896,0.640456235561192
"SRR13801091","SRR13801091",268,430.30303030303,3.2784039288219,0.916778966206321,0.0832210337936794,0.0448365408777881,0.586373021480789
"SRR13801090","SRR13801090",216,275.428571428571,3.23179599925915,0.901437981338185,0.0985620186618148,0.0469717411685203,0.601233230010779
"SRR13801089","SRR13801089",212,256.333333333333,3.40995327030116,0.934261498995988,0.0657385010040118,0.0717537068846095,0.636590749303288
"SRR13801088","SRR13801088",245,341.28125,3.63716975999108,0.946383008895937,0.0536169911040628,0.0761257312097086,0.661152343843707
"SRR13801087","SRR13801087",216,283.096774193548,3.61243006407132,0.953095476419755,0.0469045235802453,0.0987032651916644,0.672045202143803
"SRR13801082","SRR13801082",220,269.5,3.47255528919104,0.934375811562545,0.0656241884374549,0.0692649258403664,0.643825562545467
"SRR13801081","SRR13801081",243,418.555555555556,3.88722170862308,0.96374941153165,0.0362505884683499,0.113521642304966,0.707660336356826
"SRR13801084","SRR13801084",220,283.103448275862,3.3005209112051,0.896197036480425,0.103802963519575,0.043789256022516,0.611929704608023
"SRR13801080","SRR13801080",242,357.555555555556,3.67829675249115,0.934122776035239,0.0658772239647608,0.0627262528118838,0.670129073420307
"SRR13801520","SRR13801520",203,258,3.31487707839288,0.923200756554142,0.076799243445858,0.0641426679919972,0.623893952440125
"SRR13801519","SRR13801519",176,220.451612903226,3.00229418818562,0.903446161341409,0.0965538386585908,0.0588461138444095,0.580660184049842
"SRR13801518","SRR13801518",214,302.44,3.45074727199046,0.932738399844524,0.067261600155476,0.0694734764778153,0.643079145775199
"SRR13801517","SRR13801517",196,233.275862068966,2.97901310898071,0.834315123687409,0.165684876312591,0.0307936423038438,0.564408562775522
"SRR13801516","SRR13801516",203,256.125,3.52771821054939,0.940831979719321,0.0591680202806792,0.083256264972462,0.663952842119175
"SRR13801514","SRR13801514",202,292.434782608696,3.37226847221495,0.923077922825161,0.0769220771748391,0.0643572720774659,0.635286060246346
"SRR13801511","SRR13801511",174,247.5,3.13236344987047,0.909053828886616,0.0909461711133844,0.0631926156585146,0.607158339695908
"SRR13801510","SRR13801510",181,274,2.24189091827803,0.70982422405435,0.29017577594565,0.019039707434048,0.43125751631566
"SRR13801509","SRR13801509",200,334.0625,3.18106149621031,0.923934905511253,0.0760650944887467,0.0657331727989862,0.600390893209712
"SRR13801512","SRR13801512",189,264.136363636364,3.13072351948221,0.874310938936725,0.125689061063275,0.0420959886743179,0.597267191737331
"SRR13801508","SRR13801508",194,298.117647058824,3.25209810351506,0.905388145984242,0.0946118540157581,0.0544819592521588,0.617347317508889
"SRR13801507","SRR13801507",209,264.193548387097,2.81998400198738,0.797127285528205,0.202872714471795,0.0235846846515208,0.527856152196063
"SRR13801506","SRR13801506",218,283.032258064516,2.87308737106799,0.811336030711208,0.188663969288792,0.0243138951257889,0.533585292133181
"SRR13801505","SRR13801505",196,255.625,3.02232895345937,0.862772092833452,0.137227907166548,0.0371793239558365,0.572615251579243
"SRR13801503","SRR13801503",206,286.64,3.16905807568845,0.896696267152357,0.103303732847643,0.0469912247914438,0.594807006636646
"SRR13801502","SRR13801502",207,300.882352941176,3.29962858609769,0.921025671213528,0.0789743287864724,0.0611707367270924,0.618751656334242
"SRR13801501","SRR13801501",158,194.384615384615,2.8358277042279,0.878485135887524,0.121514864112476,0.0520851006193969,0.560152981964339
"SRR13801500","SRR13801500",221,290.333333333333,3.37193754527955,0.915862120399804,0.0841378796001965,0.0537794260959423,0.62464540839636
"SRR13801499","SRR13801499",199,284.954545454545,3.19540802584999,0.909203848250762,0.0907961517492383,0.0553451388779025,0.603669754842865
"SRR13801054","SRR13801054",178,218.181818181818,3.04259894679837,0.912843224995743,0.0871567750042567,0.0644582997456653,0.587172142037246
"SRR13801053","SRR13801053",192,270.791666666667,2.21374937594482,0.727463206167883,0.272536793832117,0.0191105694761408,0.421065396980271
"SRR13801051","SRR13801051",186,250.166666666667,2.85201738664309,0.832765835642256,0.167234164357744,0.0321485989819671,0.545762656461982
"SRR13801050","SRR13801050",163,206.24,2.95984212993283,0.90518924719986,0.09481075280014,0.0647075267726839,0.581073278674726
"SRR13801049","SRR13801049",160,213.04,2.75453400035469,0.873155226967024,0.126844773032976,0.0492728226048006,0.542746731567415
"SRR13801036","SRR13801036",138,240.666666666667,2.41622121324164,0.81669644773846,0.18330355226154,0.0395321133834601,0.490378894133304
"SRR13801032","SRR13801032",131,152.12,2.93798258168212,0.912539121125744,0.0874608788742559,0.0872800260472398,0.602638700940413
"SRR13801242","SRR13801242",136,177.052631578947,2.72357886568294,0.877078596856926,0.122921403143074,0.0598182333463292,0.554400610063385
"SRR13801224","SRR13801224",95,177.333333333333,2.10459788913273,0.791146074456823,0.208853925543177,0.0504003731895264,0.462155200772902
"SRR13801567","SRR13801567",94,136,2.21696438947683,0.796967787348059,0.203032212651941,0.0523970937093501,0.487964020764936
"SRR13801565","SRR13801565",108,127.461538461538,3.07416340539137,0.926594114050052,0.0734058859499478,0.126137831311957,0.656573525231912
"SRR13801564","SRR13801564",85,102.5,2.13870087984667,0.755022560754715,0.244977439245285,0.0480236299252581,0.481401927896596
"SRR13801563","SRR13801563",83,88.6875,2.01822987883605,0.726126126337412,0.273873873662588,0.0439917565336213,0.456732898506249
"SRR13801566","SRR13801566",60,160,1.61667953923127,0.700649101502054,0.299350898497946,0.0556760201833202,0.394856738279463
"SRR13801561","SRR13801561",90,126.142857142857,1.37677430422022,0.467118788600279,0.532881211399721,0.0208510093308141,0.305962786225838
"SRR13801559","SRR13801559",77,84.0909090909091,2.33444082575433,0.830167232894001,0.169832767105999,0.0764694187600871,0.53741836915847
"SRR13801558","SRR13801558",84,99.4,0.921665092296292,0.297814861251241,0.702185138748759,0.0169538790381911,0.208012457779093
"SRR13801556","SRR13801556",57,95.5,1.64224436897995,0.724436727711024,0.275563272288976,0.063665449692893,0.406189350613784
"SRR13801555","SRR13801555",41,42.3636363636364,1.11207903550796,0.503445031701069,0.496554968298931,0.0491189202798508,0.299463431847412
"SRR13801549","SRR13801549",50,63,1.80352517425246,0.762733509166347,0.237266490833653,0.0842934032940285,0.461021106407088
"SRR13801545","SRR13801545",47,62.5454545454545,1.51171322003479,0.728353648097256,0.271646351902744,0.0783246143217059,0.392637731437455
"SRR13801078","SRR13801078",53,81.5,1.4548653543445,0.664942518896264,0.335057481103736,0.0563125003690345,0.36643788064512
"SRR13801061","SRR13801061",238,347.615384615385,3.77008280890254,0.956669283210762,0.0433307167892385,0.0969677167517438,0.688943042792344
"SRR13801058","SRR13801058",184,229.12,3.59089903048252,0.95272539217282,0.0472746078271802,0.114961981885992,0.688579725118018
"SRR13801062","SRR13801062",233,313.161290322581,3.55495094780957,0.934829446197928,0.0651705538020724,0.0658555934110499,0.652160313689249
"SRR13801056","SRR13801056",231,325.666666666667,3.86110270358223,0.963346278464396,0.0366537215356042,0.118105451442339,0.709446225731183
"SRR13801496","SRR13801496",205,247,3.7658979506002,0.95849517678754,0.0415048232124595,0.11752968457467,0.707475275334682
"SRR13801495","SRR13801495",230,278.125,4.0066912422478,0.968934362971187,0.0310656370288129,0.139956122030396,0.736784260515167
"SRR13801494","SRR13801494",208,261.04,3.81247760756533,0.95993370926513,0.0400662907348698,0.119993446348857,0.714276423069317
"SRR13801493","SRR13801493",227,296.193548387097,3.38595317181873,0.907904058277872,0.0920959417221284,0.0478336641250051,0.624144583988387
"SRR13801492","SRR13801492",217,316.04347826087,3.81199063120756,0.9637170858375,0.0362829141625003,0.127010055207705,0.708561963305662
"SRR13801491","SRR13801491",253,316.9,3.82140768413195,0.961309310222065,0.0386906897779353,0.102158146899065,0.690608837841042
"SRR13801488","SRR13801488",183,273.588235294118,3.24271953272634,0.906441174037941,0.0935588259620588,0.0584068987412579,0.622464373181538
"SRR13801487","SRR13801487",198,240,3.55658319936195,0.944801746947743,0.0551982530522569,0.0914975523903569,0.672542286295033
"SRR13801486","SRR13801486",197,233.12,3.67494388564939,0.952869216104653,0.047130783895347,0.107703324927741,0.695590038608492
"SRR13801490","SRR13801490",211,272.384615384615,3.66879325674138,0.951393139698126,0.0486068603018743,0.0975034483498257,0.685517658585332
"SRR13801485","SRR13801485",239,338.107142857143,3.7622088811605,0.955333864616084,0.044666135383916,0.0936750041714313,0.686977799721426
"SRR13801484","SRR13801484",203,252.038461538462,3.32191607122226,0.907626006493907,0.0923739935060925,0.053327870620418,0.625218763271314
"SRR13801483","SRR13801483",214,255.757575757576,3.22883309435119,0.87235787287395,0.12764212712605,0.0366093648035737,0.601723355697489
"SRR13801481","SRR13801481",181,220.047619047619,3.61217271489567,0.952469366421085,0.0475306335789148,0.116237917790011,0.694849433051636
"SRR13801480","SRR13801480",233,272.078947368421,3.92069413893274,0.966078991801078,0.0339210081989217,0.126524703169013,0.719256371484243
"SRR13801479","SRR13801479",178,230,3.69867023166361,0.957319569076217,0.0426804309237832,0.131628884865812,0.713783236170706
"SRR13801477","SRR13801477",189,227.333333333333,3.54480665987039,0.947878629252979,0.0521213707470214,0.101513164661113,0.676264354171632
